0.41319784488857747,0.43044745934138617,0.51540967385083958,0.37328950608774203,0.53433419152622641,0.47470004699773599,0.41087500715460423,0.44497840941582556,0.54936991220374187,0.43695494803275503,0.6990594720434018,0.43719267314772142,0.37585199318545676,0.33014466820347771,0.42314616653200765,0.86087319688568031,0.67386313511979323,0.47380482000384577,0.48401152701460737,0.34256068228538517,0.48420326669604047
0.36966517446864167,0.63178352560541184,0.66869764100999318,0.47951987200317986,0.41577411704060302,0.38878381877929502,0.59755479721611571,0.63803297106856205,0.2349623823334234,0.55192529179449434,0.4589718781147708,0.47142025105596475,0.38021000422814832,0.56352222648988437,0.62255459810250324,0.61929915840246963,0.47964454593033273,0.45204841274378038,0.41154341166699548,0.59828243933644631,0.50170982586955071
0.439775852090038,0.38634062558409343,0.48312766352237962,0.49056430068800172,0.41647384326891757,0.40667385964105451,0.3987756769689747,0.57739175908526374,0.58468743330354134,0.51650855654725769,0.86026260312255776,0.51945853806432662,0.4298895710042977,0.47852042962995067,0.42329473770655124,0.63604152035034656,0.45159379779370756,0.4919106612489676,0.58794945733006876,0.65192863288130753,0.51155847599158022
0.46451193851028227,0.41073930606609022,0.47087948736486912,0.86026260312255776,0.66817235558477195,0.77589637862514527,0.67684646326964593,0.5740925070323738,0.55412861309616013,0.51691548616742544,0.80865606397262668,0.46067321398201583,0.43487967359101126,0.5602385018669529,0.49828079017312488,0.51889859867414834,0.4607104685009239,0.62361690865332142,0.56954105262824373,0.42319842093985888,0.5665569415910775
0.41002170779953434,0.40491227040615552,0.70146117040799305,0.3797085291001398,0.56566223432623963,0.85661183267764618,0.42220825754701358,0.39016753230432755,0.40479404695915122,0.6353997409237705,0.53058193292066336,0.62574116820393166,0.44802292887031803,0.4412363508847319,0.53121125374116396,0.6259586310984453,0.41639175149181706,0.48947435313990617,0.52859763719625175,0.57307505020874705,0.51906191901039733
0.40175406649036233,0.47197105058425121,0.37166974439066808,0.6036224004144447,0.54174649029056166,0.43313038252400204,0.52684711047806942,0.41325441114596595,0.4769934447701063,0.46411734101216739,0.57465663175898329,0.85661183267764618,0.50490497465511974,0.47924954333280401,0.62595625254643683,0.58123622439516998,0.58011026428790324,0.57417578077960185,0.56364266271466024,0.38630136091501316,0.52159759850819687
0.56284095651855037,0.34415526360709164,0.43610579809265532,0.49734916136731233,0.49801655177824322,0.51011059944842374,0.47200424930461821,0.48746548733279288,0.42425714793807606,0.76254176790711781,0.59559208535253783,0.62390115744589192,0.39606913837816737,0.85661189335365062,0.47469906282914892,0.48330975478361404,0.34291130803008019,0.53623172775045203,0.52146836150079379,0.52949604465665767,0.51775687586879382
0.46419244178904551,0.44675210950640309,0.47143752028069735,0.35683228367708303,0.48113643582593896,0.40161120427298497,0.48249997907040421,0.47275622346833091,0.53159506281192948,0.47105591776606986,0.86026266155335596,0.52600092125411924,0.74070227828953228,0.56262545757652804,0.62308534086908884,0.62780745519373904,0.6238984270502248,0.36583157724506704,0.47184272541949424,0.53035912623000692,0.52561425745750223
0.42767034182161306,0.53316752919063792,0.33946427735973467,0.41398312454921105,0.46907196676772206,0.57534481621704814,0.40060295631133175,0.5022844247992877,0.50051595659040671,0.46669486881681899,0.76279737433968797,0.36633615161770405,0.39020520043458012,0.75088109784089752,0.54335691418708298,0.58927897266268792,0.60813301741736892,0.82650040663137503,0.39958419567267633,0.70066724055034846,0.5283270416889112
0.50741196539321354,0.50717284321864708,0.40977409359245065,0.56126969959044082,0.41952873838413496,0.43673149218414897,0.4772015207389389,0.47451082314320991,0.48746478044984265,0.4164107415982306,0.46646098088633936,0.4887048947755176,0.38968885562164662,0.36303271615309396,0.41283539845697098,0.63472604551764122,0.86026266155335596,0.66827940159275712,0.47029622277309119,0.67690534109113698,0.50643346083574048
0.44330426578685167,0.46765842735682661,0.630232765042125,0.51040308265247325,0.54956187038919613,0.45102562158350146,0.62595636655324571,0.49717750511773734,0.41965171118034988,0.84578536944590199,0.43541588513153917,0.60873544900049803,0.50566237768452549,0.65298129578779762,0.44859552767838362,0.41890528132651311,0.64935858901886623,0.64770866435227847,0.45216458665439518,0.47941075780672782,0.53698476997748668
0.50695856836128361,0.50676647463673075,0.50086591551071558,0.48992383376085524,0.40191328940638893,0.44622096545077472,0.86026260312255776,0.56625194669765155,0.4767243653474294,0.73037186329374992,0.49621125978251063,0.61301255864520265,0.66817235558477195,0.31005438378054423,0.41488843829286426,0.4727380758226688,0.38415292662104439,0.5213863830778418,0.56253521518071303,0.62595625254643683,0.52776838374613688
0.53925868024600399,0.85661183267764618,0.46422285502501415,0.75648146227160107,0.47157367675497114,0.62235123065903575,0.50065175901417003,0.68837514166983493,0.43786183347738356,0.58353896516256165,0.83789138564998122,0.48890064632190483,0.49279933176838603,0.61554730377408018,0.45754772405221605,0.55253890395161276,0.44672210873974755,0.447333548886657,0.54730180667369377,0.40234060731411425,0.56049254020453088
0.67243803355231979,0.43235065315097476,0.38646522011182316,0.41743334513059749,0.51136171572678335,0.69138283204932827,0.5104248461023434,0.46049685270741003,0.58188219300715383,0.41949564590650523,0.61449027459285044,0.4112756628074371,0.66817243986273245,0.43199773405104053,0.45315599122707695,0.47096538535843441,0.6990595472344574,0.51621540433472402,0.46234812050772767,0.86026266155335596,0.53358372794875386
0.86026266155335596,0.80299614275214926,0.45439055270238882,0.4722367229961148,0.48989510787200852,0.62595636655324582,0.42989305977297754,0.46852417417585884,0.4574056259042118,0.51888890413003352,0.4570437672444741,0.5167808208937994,0.5553674051632177,0.37391096770563298,0.51373128876514829,0.3643791720642261,0.44158039519258213,0.40830393912444435,0.46330237099353877,0.50607558294946775,0.50904625142544391
0.50767815886025836,0.7215389891415388,0.39180136769157081,0.79136792195518058,0.48285707915673115,0.46485494814615924,0.49571579700787527,0.67247059477121973,0.84211888134177892,0.56388630416422014,0.42215288569502107,0.42641394772003227,0.63627980922926708,0.4325472363242982,0.62595636655324571,0.56980967220389966,0.40172544538347299,0.421346719863672,0.54956187038919602,0.55293502337500333,0.5486509509486821
0.56407017360802292,0.42353833321744389,0.4313270543714115,0.85661183267764618,0.54194582113388368,0.52409241985037003,0.45347987177287125,0.66869764100999329,0.59056934915312331,0.43541568829661259,0.52601125103766611,0.40730500637835626,0.41900687300624007,0.39050107162034242,0.6400373229429609,0.45435569785250723,0.49391973096770914,0.50241037921140275,0.63155214039195418,0.47361942669321361,0.52142335425968667
0.58222731700752006,0.53248618646578971,0.65207574172544303,0.45626140875563459,0.42860198072750205,0.46247936032976195,0.64215037217474147,0.64022401332705214,0.61142899333250633,0.66817235558477195,0.41977322218637775,0.54277265516347106,0.48023569828548041,0.37248154971350694,0.87487910404393054,0.70066715628126175,0.63724319550880648,0.69681934923885469,0.50673803856693977,0.37122991792734916,0.56394738081733509
0.39761977985392505,0.61360207063068084,0.43374101249435826,0.57675593351145527,0.35745422617823319,0.50780568435358486,0.64723175872786531,0.57550099910345209,0.43439888565743134,0.85661189335365062,0.52468844762733968,0.48963339060009342,0.71344236680324635,0.75616432681990831,0.52259081898827187,0.61952743779611619,0.60719556564729094,0.51308132974808263,0.42655749386299185,0.42680650600337716,0.55002049638806783
0.36330435893770974,0.5550409029315938,0.62595636655324594,0.49079451689581555,0.50922840184819873,0.52366110127932375,0.5063557199919303,0.51155971852656767,0.68467239772362598,0.82229154161558138,0.6997689355346125,0.50511998986841189,0.56768415397252814,0.45479441121019482,0.54272060701432789,0.85661189335365062,0.45988653942782776,0.38460871448402484,0.42441805859767856,0.42680838824906375,0.54576433590079565
0.36126701855485682,0.45289616715074638,0.76332379503781911,0.57318480264345939,0.42410781664281272,0.44819066277962721,0.35132652745452447,0.60749595039904825,0.56278847329847548,0.80327790285064116,0.61780708040328425,0.44965306181286657,0.43214484112034945,0.51056245822213575,0.60061242231687395,0.87487905256000187,0.5900914430805575,0.47636702915879708,0.47024382513535201,0.49263762214383811,0.54314289763830348
0.85661189335365062,0.44142040104331332,0.55054857816961045,0.78307344792995059,0.54174662859620493,0.48947074844160188,0.70174376513668868,0.49822980907612918,0.45589533912210306,0.5682345529605729,0.42944948880019007,0.59844305627583816,0.40916296130993157,0.54437551052619348,0.70066724055034846,0.62472924604005153,0.4832124104379053,0.41089312534756062,0.35911915863868749,0.33811872597627024,0.53925730438664021
0.48684130432721567,0.43894022492693774,0.66970036435718527,0.4450999983793012,0.45232458814996257,0.52716966338517235,0.46537552352774653,0.45176029174808863,0.62471668906304101,0.47352632524076677,0.48129200325330423,0.48640364183201934,0.38149525361039988,0.41812208682365765,0.49018439747715536,0.63670372217846705,0.41154584643969833,0.85661189335365062,0.5946684212844584,0.68640113911581724,0.52394416892370244
0.41111764601096645,0.68040895198569018,0.35680519467570015,0.45564090057715906,0.37183226618446125,0.49139671989025091,0.86026260312255776,0.41225470029637989,0.37524598846140805,0.68268232135132478,0.48192079967734108,0.66869764100999318,0.61834400049255644,0.54032054128066909,0.48249980100495893,0.5004869462242022,0.54080496265673084,0.4894358516377369,0.74767702500547217,0.47957662355706854,0.53237057425513146
0.437590213687926,0.60904386940099442,0.61433500161964993,0.43991301274409772,0.4642942443464057,0.35274451927202122,0.57799036413995286,0.85661189335365062,0.47492039909516831,0.52879640153935914,0.49850689949199162,0.58433666304392917,0.50917808809477827,0.50252160335441043,0.44354952588908836,0.71344236680324635,0.48795145797920564,0.63908255619259302,0.60151026048287126,0.52891046861147206,0.54326149045714056
0.63473925015188881,0.71734336917332053,0.80360138271523129,0.37670706762557227,0.40879155808877565,0.45923290589166099,0.52681839923276796,0.38068499516410031,0.40902542271702613,0.49582554868352419,0.41503045388846849,0.5027417265311549,0.43891092514545554,0.61818312266668651,0.47479118762440364,0.48778226525385415,0.62805848461612934,0.54763941694355334,0.69363687931635465,0.46612481523639149,0.52428345883331606
0.66234952406421987,0.50478633039470133,0.85661189335365062,0.51596738946766874,0.43790599838457939,0.54907906881456814,0.68106901822323029,0.59866781758602183,0.60253118375522541,0.48686634229888937,0.51641287272892145,0.47063661685526004,0.49267604147678778,0.54589700440424627,0.58542770923845378,0.39880710414793158,0.45005217704700085,0.682278848833342,0.4164107415982306,0.43836253487393184,0.54463981087734303
0.21402142341362757,0.59560273341080816,0.40491473464096889,0.43798276838812944,0.41533785317685351,0.47957678819655414,0.42777538170498952,0.50990281884827104,0.66458432292610725,0.46141696008362787,0.47161783805921342,0.63178361746017753,0.61088602142151482,0.4935535618025485,0.85661189335365062,0.54335691418708298,0.49663822287780074,0.71535088826739712,0.49833918427916729,0.49686642918268797,0.52130601778405894
0.46519200432848662,0.38746200689737048,0.62759835306823031,0.47491722927683455,0.37415902582804994,0.4736984951834417,0.39120884844197351,0.42675508033863097,0.50471560468268051,0.37396107854647587,0.68150891541030845,0.71814319053277809,0.42691774477552846,0.83492299869242503,0.65887475284707941,0.51694293995889984,0.41374400168511716,0.54106828708550425,0.85661183267764596,0.42223991446811138,0.52853211523627874
0.72252979994005484,0.68485507934920931,0.67080166392049601,0.41570902786254127,0.5697358754334132,0.45548806358651756,0.46763451181383042,0.48239407742174645,0.5278839917091489,0.65654799528297469,0.66822314434918528,0.66585074367124086,0.65622574369843967,0.43622703663755652,0.66099113194169035,0.51548125108099918,0.44678437104636776,0.49293741998443996,0.45856001337804253,0.457301355645504,0.55560811488766992
0.43847958866754516,0.77405526781532086,0.50430007047366465,0.37871842451518711,0.58377077377678255,0.4774449981249454,0.51109106990050512,0.6870203537886439,0.49254810037654845,0.6993243360120095,0.47631088020914519,0.56154598044594572,0.62117672683054403,0.62495794768088153,0.39715554246791296,0.53681698188294202,0.41166938016047705,0.47872589509113911,0.52155711173383601,0.85661183267764618,0.55166406313158123
0.50142299996733442,0.62468463554380615,0.43026297412993991,0.69472268251943214,0.4316966931981705,0.40829433236231311,0.45425217044094274,0.44664036209474156,0.40138209070935671,0.3707124885451098,0.60770992527729584,0.34630440915236899,0.46141013794124602,0.67442593684822916,0.76279737433968786,0.5309896331081122,0.41832061603676485,0.44974031027700007,0.38761826432158974,0.5412761149500126,0.49723320758817274
0.45835340623967191,0.40787624608671103,0.85661183267764618,0.53710201743956132,0.52809994752954559,0.36054633563231819,0.52427937590868379,0.54225952360797125,0.58319890250306772,0.63504721563395761,0.52458919571919027,0.62642216927550487,0.44648505459342019,0.68274040773485178,0.64215037217474147,0.46117230064419062,0.49955368837281994,0.33437475396836691,0.70309279231317579,0.41297785067039683,0.53834666943628973
0.4714075894695105,0.47057623914507546,0.5860678071564136,0.5215965486996037,0.43606606301471001,0.60596227360380794,0.38450481086315536,0.56209966786367005,0.45492025664169677,0.38454110744450887,0.53612717407504351,0.51680122122126193,0.49833898701834822,0.85661183267764618,0.52943013997130228,0.51586543422846809,0.38873338716020728,0.41329941960732014,0.60522051546389422,0.66817235558477195,0.52031714154552089
0.49520807340422229,0.49767763138899079,0.40999109626081698,0.56394732127937375,0.39079532739432477,0.82229150174864851,0.49859354410762774,0.49720848413542329,0.61198588589373715,0.86026260312255776,0.48553011832235127,0.48142530454134358,0.44663487684958125,0.65971822925430501,0.41365150930041994,0.48475153754543554,0.41878183112893252,0.47835871712409145,0.6677682315109571,0.63081788995798227,0.54076998571355606
0.3453019167271964,0.50320913070740259,0.65207574172544303,0.58364843416227641,0.55489331420406762,0.38719584978569366,0.66817235558477195,0.40324732223817356,0.55690072008788205,0.47504725040275508,0.51982503506681677,0.58980929861593945,0.42915455879977149,0.47678971095900141,0.48088154809065314,0.56808740463351459,0.85661183267764618,0.52363333073295271,0.46366120267371624,0.38162555025989192,0.52098857540677834
0.52420938603016132,0.47426436033522484,0.61055360094907951,0.57926334288072368,0.654846002181252,0.33633831639189476,0.49833918427916724,0.36605235520520718,0.5392043337030813,0.49620242251619562,0.40632013911589349,0.85661189335365062,0.50667754887988647,0.80327797916801347,0.48583177596898508,0.37643305563404494,0.36241582419400947,0.56584055025323177,0.50213260781154923,0.64569011199046522,0.52952523954208586
0.4423129516233047,0.82810055457543807,0.42569645087751279,0.52269194914380268,0.56359300555681513,0.53258738727498156,0.42404330498374626,0.40296005614170516,0.46591392515573993,0.55114382790550587,0.52205179433178339,0.50940769081456272,0.57168314780389518,0.39131354299071985,0.55845718683443268,0.68940981462313755,0.71619224300262285,0.84407482539705359,0.38153897626880706,0.5821628280688349,0.54626677316872008
0.5142482098455089,0.48640374664374814,0.52260811973100574,0.86026266155335573,0.61789987277297576,0.48038476330151686,0.44953030475817429,0.57625220041198832,0.44108163978506187,0.67227905181039493,0.58707894981133557,0.55848398545129208,0.37934151319128778,0.49005709357084354,0.55220186255601367,0.46676667010557982,0.67705844500455059,0.48480093757755516,0.57194273595816048,0.57295000564112042,0.54808163847407343
0.35381135598890356,0.66905355419270518,0.3922579893254286,0.39826123277534831,0.5495384842045038,0.43462916076223868,0.43715174650614674,0.50956739770912796,0.37737904519090859,0.66817227130676327,0.72179288811855857,0.50957889012033575,0.57006475702269843,0.71619213486443845,0.68843727804604127,0.61506529132965659,0.45297409271936367,0.65336137217568757,0.44786364070168549,0.5147786841205515,0.53399656335905465
0.46535523561979419,0.86026266155335596,0.59813772938806897,0.44768409872751791,0.50445672152295074,0.52481378884113128,0.39066270988646479,0.71344236680324635,0.41955016666168304,0.50672642442526761,0.72027071681042987,0.38068177748167531,0.46500672118535774,0.42329436379457219,0.32862331121619986,0.44130486825298931,0.58741352060106133,0.47429596878807756,0.56603042466225217,0.45809366445369948,0.51380536203378968
0.85661189335365062,0.42826596907092257,0.47343169868657675,0.65579934311320187,0.46796830783624321,0.41352329566143065,0.483152696487615,0.62595636655324571,0.45433688140038492,0.48205866591292068,0.48891349320495819,0.41772508738098768,0.68233235884603993,0.43816593628193534,0.62674377065297349,0.6835019758945553,0.47161803739642305,0.42096973696445161,0.39416549010524182,0.49233646822822957,0.52287887365159935
0.46615917939391049,0.66817235558477217,0.53301499304558608,0.47281818429160216,0.39938666030993775,0.43091736902307465,0.41013348222791601,0.51473922634724134,0.53886486794094124,0.84319491506275668,0.47977827724363598,0.72910873849934943,0.62595625254643694,0.86026260312255776,0.46965322227707607,0.59410961087767089,0.61142899333250633,0.4942427591780702,0.52821316851167899,0.47325477699516882,0.55717048179059447
0.36490973014398498,0.43936252486741784,0.76279737433968786,0.35777209370201002,0.54956187038919602,0.58960612039913463,0.47945316341859784,0.52725667826544775,0.58471428241710577,0.40268822890603018,0.59118655583709656,0.5939526419657486,0.48474506257335043,0.54325473680884451,0.46748731467414817,0.57446039961795203,0.3845033349680741,0.41918845859633463,0.46050829135240451,0.75831602613078375,0.5167862444686675
0.39197757741526484,0.58047814950638532,0.51731214097481404,0.85661189335365062,0.69905954723445751,0.47298177025903854,0.57332204927420816,0.31825416462191441,0.51140451409813104,0.55880690577546088,0.41525226656817765,0.41991296510823012,0.56813888021099168,0.51015959755892393,0.54571567536168741,0.50744246305848362,0.38705007857699242,0.64215047165114436,0.60042722684035843,0.46269705911661008,0.52695776982824616
0.86026266155335573,0.7303719320360611,0.35183516834804901,0.65595158783189178,0.50198022175998569,0.54259566766669587,0.52691940292594797,0.5736907961320995,0.391576170386987,0.64215047165114436,0.41339552213000019,0.58223157443398987,0.44018804402020367,0.50613149730239881,0.56595775674911308,0.45877015797682424,0.44973794706696529,0.43090697828801316,0.63959375903342874,0.66817243986273245,0.54662098785779445
0.86026266155335596,0.69033159649754172,0.59902641659133404,0.63757722015045659,0.68595376529408325,0.55613643187266926,0.48661115076840122,0.44433498819393175,0.44892618958556324,0.36414492426560147,0.66869774914028324,0.43717669615706989,0.46765842735682667,0.424051946769951,0.45548806358651756,0.41603166146813192,0.50732410242414061,0.65975856975640412,0.42289273055727278,0.61360207063068095,0.54229936813101076
0.43691912128498228,0.42835488301002311,0.50357348174747341,0.6532373521543684,0.61064244089614594,0.3303786704863646,0.48372268392290679,0.43484347939611745,0.56003273951228028,0.6210232168824773,0.45377134017398985,0.47469886309766124,0.48595884561065966,0.85661183267764618,0.5556072196712396,0.27970332944953047,0.58906114522147701,0.46044635976222692,0.42925650496027912,0.44294126378823728,0.50453923868530415
0.39098720676565774,0.85661189335365062,0.55328476617313216,0.49731035240814253,0.43044802933411264,0.53795086475343068,0.71344236680324635,0.26116458289669553,0.63888307508803988,0.6175714923259894,0.48725545341825083,0.53235611410764094,0.6013358730296503,0.36783625052071001,0.56394745952418313,0.66817243986273245,0.49833918427916724,0.51157894144910365,0.47306650188004512,0.49430939333955537,0.53479261206565687
0.66643396665441224,0.46344538432269894,0.4446697887571826,0.42225771107686799,0.37275278880072937,0.44545846427753089,0.41645424237088224,0.40988808086000333,0.46907176416886848,0.38949600727390038,0.54449443786363783,0.60514967394619223,0.55628527831416208,0.49620130843863952,0.54956173330209901,0.44038833348172918,0.57516112584237644,0.56998517583298947,0.45068343395286253,0.47905893690107765,0.48834488182194213
0.4452030668497276,0.66770521800792038,0.34889744782425713,0.85661183267764618,0.36986661605872684,0.50201169251276156,0.55578091868407298,0.49167517581949116,0.37270126301311846,0.58243442073468188,0.36665968938408644,0.43118078204869725,0.78443467452629878,0.44659639310360683,0.47622825998133556,0.72676925517659818,0.53074132502415472,0.41466214701081522,0.53098952708837621,0.58494228826040418,0.52430459968933885
0.411433549030923,0.49122335055532423,0.39233549123319,0.48038476330151691,0.50858157896179679,0.41562502528916845,0.59743221218311626,0.39550719311805083,0.38427371823066825,0.8566118933536504,0.41924855331938576,0.39622514870162162,0.70174376513668846,0.71344236680324635,0.58860648947412575,0.71469002012624583,0.45170010671327904,0.42427613247422674,0.52304872115855994,0.55659085405445441,0.52114904666096185
0.3550207089994214,0.56460814177903285,0.48907173251035863,0.49470949453326396,0.557497248382539,0.49322124124047839,0.40090783755674453,0.61852447733242122,0.56517335169311822,0.4726491732748439,0.40133391321922768,0.65556116126699526,0.54983238023626424,0.56756742871396548,0.49265588857017695,0.5613932637879655,0.41286967003998692,0.35581659415033851,0.51737952805668352,0.85661183267764618,0.51912025340107371
0.86026260312255776,0.71468994856146584,0.61360197300416874,0.56586160992954404,0.55894631491619573,0.45807243492383609,0.66817235558477195,0.39015862270533774,0.41357456426750233,0.40448900717620928,0.40133019788162294,0.47924954333280401,0.42601147804673839,0.52022733579195024,0.66824360773946867,0.69582584371684486,0.66869764100999318,0.43220411176169754,0.38234022237039178,0.42812290517372287,0.53750411605084114
0.3544555404405062,0.48903289334706956,0.51987992594985122,0.43159838445828208,0.63601129433894998,0.68553608936909838,0.56076849144196494,0.50212443868531531,0.85661183267764618,0.46676647919188108,0.52594848794984217,0.50645484778943461,0.58401546708190444,0.67027617878742973,0.58030300059286533,0.51297229570848191,0.64128581539838159,0.52245813536270391,0.50241037921140275,0.38229840989044289,0.54656041938367272
0.43318173702656704,0.47018525265768962,0.50876009654114696,0.45115960872321148,0.44552277806758472,0.86026266155335573,0.47737677127536104,0.41752231912933063,0.62544270017190118,0.58222746030286643,0.61693946729330351,0.63178361746017753,0.55319836633789632,0.51231190863108489,0.50028253964857916,0.77485881863694772,0.67353019586494212,0.52698051271259649,0.41195921294444576,0.44685463315698126,0.54601703290679837
0.62901646271222933,0.66869764100999318,0.63261643509309162,0.54638569829192529,0.34438841760984473,0.7107600823350515,0.40643676262756551,0.43476332656038758,0.51126162957217369,0.43946128176531768,0.86093073641737417,0.44351726277463993,0.60612434753147604,0.47504725040275508,0.56795398863468483,0.62105208099900788,0.44237697544139432,0.69048310503780475,0.35841323500547972,0.53909857322454147,0.54643926465233694
0.66869764100999318,0.60916696609501386,0.51334873336145581,0.46531199190399786,0.53087593034259251,0.50281014681118519,0.36588616195049051,0.60719545438702704,0.64783763623317181,0.48176228352212791,0.39629386490708085,0.3779297602357457,0.49271672461065102,0.50262514560365257,0.42710450005476347,0.69089421020185748,0.48348327657993251,0.44593210168970687,0.50962906256467022,0.46038688846815451,0.50899442402666339
0.45843612597219796,0.59135394561379262,0.45286132131789658,0.51090003591764599,0.50375630174784158,0.50191694054146496,0.56735523112062702,0.36389790842656222,0.50301495217588676,0.4042429819921739,0.46079018933350069,0.56029875817098973,0.54544544257869876,0.45386966342623031,0.67625897192014539,0.46465811847986932,0.48168161869421533,0.78244565596632998,0.76984907292464133,0.43654160921873181,0.52447874227697211
0.60230213061543691,0.41993801156025234,0.50941924954793583,0.61216561080276144,0.41944703209915379,0.51706397729626474,0.51152482599432236,0.56722898604607308,0.51401028289281869,0.4945110718686262,0.38870563789016072,0.64482277530543652,0.37281451534308307,0.55128636489663274,0.40327118211077712,0.57600263661762674,0.46007812756029082,0.44475130079092073,0.85661183267764618,0.44387072535128241,0.5154913138633751
0.47553209444813993,0.41960519487820819,0.69582584371684486,0.55819671630355616,0.25757812668210728,0.55213560927127225,0.56216212501352691,0.76279728098173993,0.536916010866894,0.4185225262831217,0.33420096366141155,0.47504725040275508,0.58005194760639012,0.57251192143633534,0.63907320609661067,0.49860829441018495,0.41019859329761693,0.56042610795394199,0.53005284203203262,0.43444820362238745,0.5136945429482539
0.48660739399940078,0.82332357041497006,0.50377320669634051,0.51395330910173587,0.39604936248904371,0.38850300376721847,0.55845718683443279,0.48596104168345233,0.62642299668885282,0.52504902148377064,0.4416094410923469,0.54872654380037478,0.45699145224112858,0.46510570437149745,0.42907614514402842,0.47556848033688964,0.86026260312255776,0.52506754174052206,0.3476758590944799,0.60974945539749137,0.52339666597502676
0.53768145807576351,0.86026266155335573,0.40505299896773339,0.44219557269369797,0.4755747135138827,0.41323793799367048,0.4467537579941091,0.72442227387796931,0.43325587558994955,0.84441303121832756,0.50845435181631993,0.60873544900049792,0.73829848904167994,0.45441658907270865,0.64551512303479641,0.42187156743871823,0.54262981536490273,0.44354346482155493,0.54569327093760644,0.51729359232023309,0.55046509971637381
0.38918689424807845,0.5874159584262264,0.49833898701834822,0.38095799301750161,0.5606822550250351,0.57799024075933414,0.41631543311050229,0.45855532596863602,0.60465564121993454,0.4912785672056269,0.86026260312255776,0.64215037217474147,0.41470948216690157,0.38082855685485639,0.58186277927696239,0.45817353887027173,0.71344228939442256,0.63768287997360529,0.49289241483036167,0.49819751949327501,0.53227898660785899
0.71812559924321406,0.44454389300854497,0.86026260312255776,0.43889945340432196,0.50820391297403078,0.376728525479476,0.52973883640618646,0.42166446232700816,0.47604514655142027,0.43040467972769952,0.39509384354930682,0.4886887623153342,0.58461524050303237,0.57391356138709071,0.45785173717616656,0.53792458755859562,0.6036224004144447,0.42828105394627175,0.48935741712486458,0.39538405419985978,0.50796748852097129
0.3742037371822145,0.41050219124552018,0.48059000078864561,0.41842118692682639,0.45693192076586786,0.45155772051553089,0.71193083941770507,0.56320091021228424,0.4579439366168952,0.67658880091464479,0.52044847998923327,0.44059934852731086,0.56493519100486256,0.56917771677443441,0.86093079424244046,0.48357876165993552,0.63683976863478187,0.55899538183858355,0.44679287815560659,0.45121460835970389,0.52676920868865151
0.62117821927601047,0.56185941101794079,0.54625962854376198,0.44627505134170109,0.46798811584358041,0.51285468789500854,0.34611573365653009,0.51328794322727,0.67386671933188036,0.86087319688568031,0.51415695536874018,0.4751188842844648,0.54935864268970613,0.42719123737733905,0.61360197300416874,0.53882099348736745,0.44707647324161676,0.55371696273481308,0.65297203027526407,0.53415004267610078,0.5428361451079472
0.59722536476216104,0.54057288902686895,0.84004507761641611,0.51231173535114038,0.40710473299774197,0.46956531530233497,0.37418145194693098,0.61889340591260367,0.3618751017989843,0.46308987496485532,0.67859057798338307,0.39512041011427618,0.86026260312255776,0.53782061673318748,0.68945487976108821,0.47118366693052993,0.58377077377678255,0.46210324741151726,0.32592218053012773,0.40724551819749577,0.52981697121204918
0.4835783963012405,0.4991418622366508,0.50322564505559231,0.60875866115447763,0.4622322383463599,0.45032732504901984,0.86093067859225503,0.56355564516100276,0.57540064650348954,0.39065271586126105,0.5766105480576591,0.58401538441668677,0.57081557860296439,0.40959329241340681,0.57581425471477377,0.42395848922130064,0.52844067143671447,0.40300187952336969,0.5730024462192953,0.41480192662826854,0.52289291427478934
0.48468524717276129,0.53098963310811209,0.44867136119878043,0.46866870378017278,0.61818312266668651,0.52012186152380402,0.49554683664319049,0.47860288073237695,0.36551322535313535,0.62759845765866673,0.51793946178773165,0.44899155111373046,0.42368171503211077,0.86026266155335596,0.43642766498783275,0.50103002446853917,0.42556121286393322,0.51557768198452647,0.5783484722268184,0.4549101165203,0.51006559461882817
0.59486370458449456,0.64434956270329424,0.56386884792338743,0.38928371042064519,0.50829928066327645,0.61889340591260356,0.42749488950527342,0.47137473049926182,0.41291937876312074,0.78614071598479329,0.63510128883538119,0.41805104834203755,0.65224704389545185,0.46514807475066811,0.39688334426193334,0.56818242892651116,0.61275925945650145,0.49644301729731816,0.446130291169617,0.75132498626526645,0.54298795050804194
0.42646877619015333,0.56414159318005497,0.57623426242618003,0.51671438873357212,0.36679642996654011,0.51694293995889962,0.56080149399404333,0.50124598713065827,0.69756989509987677,0.3082949669327415,0.47277328717822986,0.49168120770333817,0.86093073641737417,0.65130046752600168,0.40280290234333488,0.61192955094249946,0.38626100153322884,0.5440934833676071,0.45957437433876269,0.48142430981174866,0.51989910273874218
0.35718111120285129,0.48348982388236417,0.47495345547008289,0.41689604133075087,0.40874767005935259,0.65014158700173574,0.4034809733902619,0.42680939694328524,0.5410908667549974,0.86026266155335573,0.52143391745448253,0.57607470867855093,0.62177215239974393,0.61929926431054938,0.60194387612306333,0.44483647282981842,0.42892444980304728,0.51800194460077464,0.66827940159275701,0.54345952850350832,0.52835396519426658
0.75445478778154018,0.46852381727649783,0.42552766071061432,0.4929787839116016,0.56196305548525138,0.45775363619001358,0.6421502726982824,0.42840928412305679,0.61340151883939176,0.58256428278885686,0.82438226591535257,0.61929905249433037,0.47504703863584236,0.69113852058745817,0.66586272053684092,0.43155297836247575,0.61582408923919796,0.85661177200158589,0.61261683577680581,0.33341697474888826,0.57767396740519417
0.69175331966866394,0.6133298042405253,0.48901589624779768,0.62309832001763721,0.38220013592838326,0.42607724353273274,0.58784144147621764,0.53902238673512204,0.3596806612595127,0.43011439941613699,0.57003688877884973,0.42859809625862721,0.47192788720836665,0.86026266155335573,0.50471616191073532,0.70156797338797416,0.55120141586452731,0.50162573393923782,0.70066724055034846,0.43479835293197588,0.54337680104533637
0.58967537269893566,0.44245437974211155,0.3779661604202631,0.58674863202405314,0.54199383599877748,0.66869774914028313,0.5655567040479248,0.37203129267818247,0.47359893362665356,0.41847796357722195,0.55318290470585374,0.40408330762860933,0.38933932322733733,0.5362350136110956,0.48768612941139172,0.628102275816252,0.36999536559840562,0.41950677349173748,0.86026266155335596,0.48249997907040421,0.50840473790344254
0.60252517704718767,0.46870352582822161,0.75519762025462644,0.48127463593638176,0.52153559458245102,0.59665246202288769,0.87487915552781281,0.5635287242218644,0.56419072480287191,0.43099074425957129,0.3689986359109082,0.37750976230544708,0.5440167543395924,0.60747431467906376,0.54756838930988772,0.56818255818511354,0.39881750702036778,0.52791189405088057,0.47517741856298218,0.39967108540521368,0.53374033421266665
0.40758396099810101,0.672142792025061,0.38361156839249672,0.53494260383944925,0.62498821795660264,0.43067012175840091,0.45297443351510613,0.51150971531092737,0.59258081773952698,0.86087325550732618,0.64853072784691723,0.45347866372534273,0.54275230391230211,0.60355175501955749,0.55322013845833584,0.48249997907040409,0.39514801938615463,0.3887323592422719,0.45895640984614267,0.41073227869747014,0.52047400611239492
0.49254810037654845,0.85661183267764618,0.63030273496740263,0.55033846929467978,0.3571112655113452,0.66338359442636219,0.52657064108861984,0.39984654824493537,0.35859485356522652,0.29392544907287721,0.62186540350783681,0.62706420848994127,0.48092004071544092,0.43244283192681154,0.3351284160583155,0.41587657273299417,0.50126721285525233,0.45875421076156531,0.43936183774635679,0.58075728149484995,0.50113357527575042
0.46802341334279429,0.44599858065381132,0.43060560627934158,0.54619381793460386,0.43416515380149312,0.43568892629337486,0.59264300479176957,0.85661177200158622,0.41621540971653365,0.55931100470558914,0.47332205030044633,0.52187455445737485,0.43220397162986329,0.51926686392357047,0.50878148738053786,0.31300398355822784,0.4230490382188215,0.46443278187661263,0.62595613853956,0.47664334129585495,0.49719954503508834
0.46786015549902904,0.50727072349796831,0.484453174142008,0.44754831979280629,0.54227820906387358,0.49411387869552625,0.3621241288115814,0.5451522789036114,0.48963339060009331,0.73781367507458384,0.49828094138294754,0.32999895081903935,0.63808520930095525,0.55202914941530778,0.35266332399209455,0.41849867239975458,0.36711588966587588,0.79553042943350405,0.31381216432341014,0.66817243986273245,0.50062175523383512
0.65724524638234105,0.43772514490575831,0.85661189335365062,0.47280367127468165,0.37661528816276457,0.50134603320338045,0.60579987993819384,0.77405532198788951,0.40223081430135021,0.67124679168129797,0.42739305866640126,0.60749345063695259,0.45139213769685782,0.38753484174076264,0.60749615739830465,0.58222746030286643,0.52421432592648742,0.53722110008549961,0.50727307009116551,0.38880346723268816,0.53883645774846467
0.59522154755236978,0.4768303091507482,0.59820635149875023,0.49611108867844883,0.47112800353536272,0.41903708870657025,0.58745909489534365,0.43905758671821238,0.47996416621306154,0.7251106487280049,0.43222515955724328,0.47800908139877124,0.49344526492616653,0.86093073641737417,0.49969112776579394,0.43813029293386307,0.43526600331240378,0.52411499574680742,0.48415763931148736,0.77415960882906476,0.53541278979379237
0.86026260312255776,0.75132498626526645,0.55796900929868931,0.48825562999490313,0.8031561880703233,0.50181281480646744,0.41131954333363546,0.68945487976108821,0.46206758863271447,0.36004332332572558,0.65680231883724371,0.39143954697531258,0.48714488401556455,0.43985222402005586,0.38356928447969407,0.50962014635751152,0.62529743655350833,0.63361586112464963,0.44662027035539859,0.58887771851547721,0.55242531289228924
0.43916395552151483,0.6357115114889762,0.42364468667958599,0.55848385486498009,0.67527869675667795,0.76885717197961689,0.57681439466873852,0.45185895458123121,0.48385687939277161,0.4144708960791269,0.85661183267764618,0.55354082931043747,0.62723404742840216,0.64982541775885327,0.42900462528019362,0.47568596873251429,0.43520705559640405,0.58030728683497412,0.56446114345395093,0.4225751615368048,0.5511297185311701
0.62540700095276802,0.52989368945708626,0.85661189335365062,0.62595636655324571,0.62925796775649534,0.70140757878756532,0.40116617284490602,0.54367697666291614,0.52790595434851784,0.49710125072032402,0.35840755350875259,0.54782356054645542,0.46831055544653388,0.66817243986273245,0.53933277781788769,0.39703501896641086,0.61165148840384942,0.43119339116657474,0.39911064044729982,0.42478343024283405,0.53921028539234039
0.86026260312255776,0.49207448139203269,0.62645052810414525,0.3646027222019852,0.56517335169311811,0.4684574847050153,0.44867496262730128,0.40201728690973687,0.60008931727667236,0.42470569043845502,0.66456712370209858,0.40541964063905073,0.44131043024354677,0.48336949133361262,0.77405526781532075,0.6919106624216762,0.41364920319336063,0.48635087290915691,0.49275125077961784,0.47545339208699489,0.52906728817977278
0.31074342944385519,0.85661183267764618,0.43031314532413772,0.54850722873435431,0.57513701863415756,0.66869764100999318,0.5191701205426531,0.40456867540278296,0.4275435525307813,0.41372491151959884,0.48062009249501603,0.4259641964668785,0.39722107788284167,0.57202550414465658,0.43523330282106354,0.56816881995296176,0.72933527058328806,0.49732232703186191,0.39216652911706457,0.5922981988316699,0.51226864375736314
0.5689540045508592,0.42727714958372653,0.69288457394550929,0.42563301945389498,0.39003423241450758,0.50709104129244953,0.3976268407793343,0.38497702720433524,0.55714797133284999,0.61956047523791502,0.53585464380834202,0.52146304446332936,0.51790297908056282,0.57851105490176136,0.70156791130774177,0.67782351138628305,0.40933395233427572,0.65975848341163057,0.44746870773220299,0.86093073641737417,0.54409006803194426
0.38647223938080938,0.51297044528658076,0.69759877663633296,0.46429424434640565,0.4750954663751828,0.76279737433968797,0.55850272980616467,0.42596903452276297,0.69842173837020827,0.64354651596415979,0.44813095293828364,0.49522416083312776,0.45610250867352908,0.72027760990860468,0.571892949750329,0.51257243422460608,0.62727939642084007,0.48623510540616122,0.42632724946041173,0.54895961893646217,0.54593352757903246
0.65798080503696377,0.45784536123204872,0.41092132888651156,0.42057205560965938,0.69276240477273221,0.63972968993334423,0.60514954154969347,0.51009872071877782,0.86026254469170649,0.45225000008469685,0.59258057144622234,0.38525191491800487,0.4416519194360683,0.82650031521799128,0.44848289585384621,0.50382133594006695,0.49031644102709865,0.57169978725070969,0.55962033244058362,0.44923881012397116,0.54883683880853495
0.64215047165114425,0.42029081387482592,0.42851622705767323,0.48829188668568363,0.45136391860884018,0.4569916524084715,0.67125270973294771,0.43118944706109641,0.34840991432668028,0.47855506944222947,0.36668680272559284,0.5862590701322935,0.53042696252836175,0.61180705249936662,0.61472168194858579,0.71563946419261582,0.87487915552781281,0.56325185435979819,0.47924971321017634,0.52499728069973672,0.53424655743369664
0.54248736224892913,0.53054634457914407,0.46733665757044002,0.49872833360855739,0.38300239772501798,0.62723415836790319,0.46147415489899579,0.61320058035548697,0.45386284226109674,0.66586287847158598,0.85661189335365062,0.66869774914028302,0.43419736541225112,0.5925445122017281,0.44832380870802807,0.58456704857399722,0.3660552309600123,0.46396968098585994,0.4734321691386903,0.59358628111879519,0.5362860724840226
0.41698215158286828,0.85661189335365062,0.55653959008262344,0.41211007498637536,0.51326018900996195,0.46434842107650959,0.72554524469783876,0.64491803422479332,0.71176088337915733,0.48249997907040421,0.38919593402175268,0.64590100895669134,0.43295424283294109,0.542720607014328,0.38718620864030873,0.42770843542019837,0.45019854520347835,0.60634689664032393,0.66817243986273256,0.59064642655605148,0.54628036033064953
0.45857697362527255,0.45501905111691399,0.45676477652898678,0.47553376457787688,0.46353479219321858,0.59079848964466875,0.43337205683622965,0.43618151495950264,0.59896583256599456,0.62528638549940596,0.42644589651177789,0.63070239950252172,0.71721254339294682,0.45279003940731605,0.85661183267764618,0.53579888890577165,0.40367173372709531,0.46548517695111419,0.43258486927178719,0.59154644419417557,0.5253441731045112
0.42351896633777592,0.47045248114629096,0.65207584805159824,0.55780138917358735,0.56521272259748334,0.48309310855205262,0.85661189335365062,0.67588816660360318,0.66435458581171647,0.492785411797935,0.43466915573494741,0.69389178996159528,0.40452538590446085,0.44255021566792652,0.47140920371178241,0.64716969381041767,0.47096801452868736,0.44268458590857085,0.76273430348401161,0.65227742069399985,0.56323371714160464
0.48436213597891359,0.43605868577856566,0.51452139202941227,0.46217226091664321,0.47361151104693633,0.42311576750686619,0.63780850836990699,0.8566118933536504,0.52444611190060264,0.46139225448247057,0.75470279146684482,0.42432092394649229,0.42186285014534092,0.57335624464570345,0.57471608004537289,0.49703347766163208,0.73926988738718202,0.42023375035891153,0.42296052461901146,0.41397080524257895,0.525826392844152
0.51140436850263593,0.52124288064331925,0.86026260312255776,0.62727295590540155,0.40057894098336239,0.77502009774934555,0.36490359438076747,0.40204234195421096,0.46788848459450139,0.66817235558477195,0.65905496470739833,0.44454467340402298,0.51334873336145592,0.36047446469785543,0.38812916955600418,0.61889340591260367,0.53295978880368478,0.43660203661400548,0.4487452236447485,0.38886436219672255,0.51952027231596876
0.40946622447658482,0.50512623353499042,0.60476023507104137,0.51860832487203345,0.62595636655324571,0.34716059509523156,0.42234906933509642,0.45358034727910274,0.41199498635185128,0.87487915552781281,0.40617198533298027,0.42145402408447036,0.68935202210514457,0.54404031301850497,0.44223152748318001,0.47398813980376958,0.38971247539190601,0.42914540821276048,0.57954550030418539,0.69715019128572409,0.51233365625598082
0.48724675164665732,0.6682792369406102,0.41799474698621608,0.67597639478846405,0.85661177200158589,0.49003687508561217,0.50084162535497356,0.5495615962149264,0.45015965113876327,0.44593416764594868,0.52887228798800967,0.4293462993450109,0.44527822420283736,0.6968192764496286,0.46340269506600718,0.45396374305532683,0.50814832819197231,0.45975960273462818,0.53264560917682535,0.53118663451686066,0.5296032759265431
0.41360229985503966,0.43284472465798435,0.66447892303382372,0.64152566609120698,0.64471569684719809,0.45889521204735184,0.49833898701834822,0.4598411830651174,0.40985318277207217,0.47137436040631087,0.45206012684444052,0.43873125410291386,0.44495210914514127,0.66419450138273739,0.85661183267764618,0.71175895008563572,0.52232093754130748,0.43409483158747031,0.61899373217865494,0.64215037217474147,0.54406694417575718
0.57342623616712263,0.40817887796011387,0.62178476281879858,0.41776731612163731,0.48890064632190489,0.46234794065167834,0.56323741084351386,0.6634666689061901,0.50779265196756118,0.44468184408242883,0.58471416112309538,0.47290451003959316,0.67124670582695112,0.59518054705516732,0.49885333116989178,0.85661183267764618,0.62468686487422853,0.50855900505892959,0.50909467949258214,0.65580777533992074,0.55646218842494777
0.51412521570075786,0.46223296287172683,0.37673085357979846,0.71233539861005257,0.41423992989058833,0.45076055088521583,0.5715304800259402,0.85661183267764618,0.45760390977768106,0.69298344487771957,0.43310119586591611,0.58309589487037583,0.68309202972018701,0.49644219213627166,0.56818242892651116,0.61078249006434082,0.55081367482167365,0.4321999036856633,0.44178783082200362,0.53900548580399321,0.54238288528070322
0.68970181188303292,0.59435569546764966,0.43729889088813795,0.86093079424244046,0.43807094388795031,0.6359537916878002,0.41143128063795986,0.39010267993209302,0.75519762025462644,0.45068095643461492,0.50170011918286461,0.37966700061145009,0.48067280198878948,0.56111917453561078,0.66869774914028324,0.55498144680537265,0.52286386833964982,0.57660395658985542,0.6831943363398707,0.58176311663075464,0.55874940177404031
0.61889340591260356,0.30153787229382228,0.5135476261819113,0.83709189002692663,0.36005120740714647,0.49725858663312295,0.40909302614141285,0.47054659431235224,0.47498827082820805,0.75459690628087306,0.4834336605683186,0.39229005756651059,0.63658020062908394,0.62131014895292724,0.5510271074084363,0.60221096139748043,0.62899742575829432,0.61929915840246963,0.40353927420738822,0.72442478716688341,0.54503590840380867
0.45609221865483124,0.48000420678222977,0.68945496677207996,0.44253542087414255,0.52404464593625444,0.71519546005120227,0.4703084279118504,0.62642310821397351,0.71142489766285566,0.5365934802815564,0.62021208513955484,0.5916198717670238,0.4262118900557163,0.42151658297344941,0.42677547429057971,0.60151026048287137,0.86026266155335596,0.41299520204571694,0.65975856975640423,0.38263056592423134,0.55277849985649408
0.57521269592685609,0.38705599018507764,0.37649208187764521,0.56918044188701167,0.41961680749188035,0.51648243294153884,0.40055153447549952,0.47573924704113324,0.6388310009134317,0.43152992270579082,0.51888572750421735,0.48976242414096599,0.50822325205614671,0.8566118933536504,0.43443882010152712,0.57981324879582663,0.50790022585886141,0.52115630552388414,0.57247698083903464,0.54382248301868108,0.51618917583193302
0.3837697307758593,0.5188543829716028,0.66869774914028302,0.47681254106327964,0.58471428241710577,0.69965240870161205,0.62098521618946489,0.52542444763441642,0.52360080015268662,0.55834847738078042,0.48810293829725665,0.66817243986273245,0.86093079424244046,0.55778826105542334,0.66489810152975337,0.57156549722915528,0.44569762453773237,0.38189435980774944,0.48010574640176468,0.6125234222378102,0.56462696108144539
0.68404188366381935,0.45396097933669682,0.61831021673110098,0.43423896226808356,0.6066387808131265,0.51181689795189644,0.41778609056556099,0.54673800597323863,0.47336515389422723,0.4427934387271894,0.43111351781061574,0.79136792195518058,0.54532673742111237,0.64181923268123531,0.40396972077626458,0.85661189335365062,0.42337131900148606,0.4586338469907994,0.82076030551698054,0.73037193203606088,0.56465184187341633
0.63684364481325439,0.60840764929258651,0.6923492691198827,0.66982203428207154,0.52582710232194274,0.38223042186778605,0.42460849635679637,0.58222479585444087,0.40335035187372614,0.45541352101766036,0.4447080882627753,0.64085094000053533,0.85661183267764618,0.54474737921207028,0.68018999156262083,0.46781124022120224,0.47835871712409145,0.38672733328881936,0.68051911338290094,0.48997992291706377,0.55257909227249358
0.85661183267764618,0.67774807635501466,0.43070837368112941,0.34210543710815633,0.39201033871663504,0.55796526555501424,0.48072967707607939,0.41449513876443128,0.52777852451700635,0.5695956795210807,0.52776730219209211,0.43187467764875942,0.55470446647342864,0.75282966640317395,0.35350067442660599,0.4257856341584243,0.4604441987206499,0.43842431039018148,0.61730412482873365,0.62723404742840216,0.5219808723321322
0.86026260312255776,0.41115584957250118,0.5882597837540493,0.82076025916136575,0.48956004796781355,0.48693007417834427,0.47180088214839966,0.66869764100999318,0.38200598064247959,0.65176713696111066,0.70152061870413884,0.47978594170385402,0.47590240772369247,0.43795955690667299,0.43545858333565246,0.53942310117398151,0.47051134911778003,0.58047806783876799,0.61929915840246963,0.50216137443929409,0.553685020893246
0.68754009930275262,0.49501007297717259,0.85661183267764596,0.50809871821663166,0.50592128630096922,0.66869764100999318,0.45723796452729043,0.61496997970613809,0.46607532315905659,0.55419783688143087,0.36003365313423902,0.76636163027017246,0.39985791294689121,0.42513188429116039,0.68992633490705657,0.45702309475000658,0.44761994426664548,0.43772494806783663,0.42683543116136036,0.35628386750320973,0.52905797280288291
0.48170274240482031,0.62626745900798331,0.72442478716688352,0.40770839643524204,0.41055973648224964,0.42627564843428478,0.70174368076750615,0.62134430528088269,0.34617638004196466,0.42608141323006049,0.52116978183147877,0.60794549187351266,0.42924419603616881,0.48614928492397597,0.35133163387967647,0.60151015944260311,0.47530739288357271,0.5033347603104652,0.86026260312255776,0.38526512583445172,0.51969024896951699
0.48389057759473564,0.66855622989975605,0.64268445910997996,0.51036501799726053,0.66869774914028302,0.34777219219600941,0.52698917619549213,0.72442486295281761,0.48019613551406354,0.45893996240276358,0.3418543005194421,0.42492378734536784,0.86087325550732618,0.41392505507030897,0.47534132991365097,0.51595817209443651,0.4319855883305953,0.4881993482427805,0.31995090719814456,0.64427927639709925,0.52149036918111569
0.59566523729819487,0.57521269592685609,0.51261677036530051,0.4377662551652195,0.50635548725331225,0.45180757413319733,0.38816478619887063,0.40383271439651391,0.47014330176197217,0.66817243986273256,0.71790215545886293,0.43736826865129441,0.6348749736835575,0.30070183610515727,0.48070276170344728,0.43728184643656132,0.49230368881819675,0.62577701088811755,0.86093079424244046,0.74561293343791557,0.53715967658938601
0.54826395297375263,0.43569935049916414,0.50680146463697606,0.8566118933536504,0.46954263010466751,0.48693027946777911,0.58083993704179993,0.68661931129446963,0.34419442802921918,0.48061447159962667,0.49005106091296724,0.48574026611497068,0.57527386390415702,0.438000685725637,0.69439870646045798,0.74362553130687703,0.57179663533479463,0.44780874008894705,0.54706214450400747,0.59722547077685051,0.54935504120653855
0.50986443580662733,0.69551675253326495,0.46627349002947283,0.47647354150128757,0.56378702081827914,0.49230368881819658,0.48953307987776606,0.86087325550732618,0.58945264247821505,0.43900004086632149,0.42288799582008163,0.44061668015119232,0.56760029381834987,0.54816246543066627,0.36638283806372979,0.51251190026505278,0.46137852451766825,0.54566658821988934,0.48076609823489341,0.66817243986273245,0.52986118863105069
0.59743214095748043,0.32900246127285299,0.26835193729380724,0.56285320460898514,0.62723404742840216,0.41684578400181299,0.66350591959385941,0.6094230048222341,0.35121633934876489,0.49332998213327295,0.42719214800222538,0.54574184403348069,0.46734879968405069,0.4344948391686379,0.82229150174864851,0.36969862006965043,0.4940297155479037,0.71344228939442256,0.85661183267764618,0.61889340591260356,0.533446990885037
0.47680781731407496,0.52010329655192922,0.40309516295609321,0.70066724055034846,0.46880497047574077,0.65506632992723257,0.85661189335365062,0.5188889041300333,0.63877558247335897,0.63081799812424377,0.36256129471434601,0.42446401154478597,0.51746791528379554,0.55137034817815866,0.48660580247625634,0.4036006506646494,0.3746317339878672,0.44433498819393175,0.48291686194489492,0.58585375116431793,0.52517232770048561
0.43017733574934625,0.44972060487622534,0.45000904861063373,0.41110442191447971,0.66435924982525751,0.65207584805159824,0.53788910134541412,0.50931923416718783,0.40475776627643845,0.83709195909138712,0.41337050698674072,0.4342085618402643,0.64914551839891355,0.49644234220809941,0.68153899533181173,0.58460410158632836,0.47319506344128009,0.37581664522391839,0.70066724055034846,0.56517347941716722,0.53603335124464202
0.41114665261398742,0.64793651900969818,0.60470082850023044,0.51986734668750079,0.47043430655387636,0.39294329583300358,0.52913954902929627,0.34631280987925689,0.58047814950638521,0.44965343937622021,0.4981413292787491,0.86026266155335573,0.42958775334693017,0.44088819363847442,0.42835030268068736,0.48919144033273965,0.44454489272564046,0.53816517964328625,0.62161036829292926,0.67704244911996203,0.51901987338011046
0.44082300157356158,0.61841992645902688,0.48257997325315244,0.63472604551764134,0.42805371123485453,0.85661189335365062,0.60719556564729094,0.47550795872070895,0.49347638207479505,0.51543470638396816,0.74112773430083556,0.58635596928654565,0.3848533323431832,0.39414140006051201,0.66869774914028302,0.53004352721731396,0.48330977134707293,0.50922119462487969,0.5005584393815522,0.50862149171137572,0.54298798868161025
0.43325567845875712,0.4880832550262747,0.86026260312255776,0.3996779617879298,0.52204775901110401,0.66869764100999318,0.47062182101628214,0.45356877203062423,0.66274757687361152,0.43612591231626452,0.69101609516282303,0.61274868377948755,0.47308822978320009,0.49842636612054336,0.45532761331629379,0.61064040079708226,0.45311975749958933,0.50922782976482706,0.46275393667736325,0.42289253310634695,0.52921652133304775
0.51086832097534696,0.49873478215325406,0.66869774914028313,0.60206040780921866,0.41677191550484904,0.61562868622276967,0.45264445033042522,0.47405958747897536,0.62181375053945243,0.5453158304564103,0.4410016709557586,0.36535194060406917,0.42061916427131585,0.52672274179178058,0.60719556564729094,0.85661189335365062,0.57996075826163895,0.45467048405891364,0.3849464181787382,0.49643947858641263,0.5270057798160277
0.5223231012963987,0.36380086858806016,0.70174110923482225,0.40052821956399198,0.48219442912329091,0.49176081706094477,0.54158850504327571,0.54138925303337937,0.51580335130504396,0.51872753867252785,0.85661189335365062,0.57919425019232706,0.65975856975640423,0.48596803971119851,0.45618674820190358,0.41248599907754813,0.40488279325949428,0.6304666100843116,0.47356464610126014,0.73661128658231312,0.53877940146210734
0.56162079701875545,0.43962667300951869,0.58047814950638532,0.46413898635733675,0.8566118933536504,0.55907286530084521,0.66261962551311826,0.41064637824916383,0.40131774182516333,0.39842006048452649,0.54410084841636897,0.46784908291381316,0.50658896847896684,0.59467163638307119,0.41984770789134435,0.57682575124519697,0.50640968787266061,0.5600204133191371,0.53082152077936551,0.46390044789434182,0.52527946179063645
0.86026260312255776,0.43201448226787392,0.62637793789006391,0.51065500372673467,0.49605714268679246,0.53028783454965889,0.62595625254643694,0.43302128715144345,0.46437744819010895,0.46784360444876871,0.43958446070342089,0.64137774437292194,0.56455718749632156,0.49531866539626696,0.57307042350504156,0.42289253310634695,0.3445763356839695,0.64058601831397166,0.65975848341163057,0.42893696196585596,0.53287562052680948
0.45373384099556313,0.46662388898505636,0.46835235497288413,0.44733435872432681,0.44529198569838319,0.57029438179680692,0.62201882503121964,0.78443473310679634,0.42547853169053818,0.56937172588201346,0.36215750916822687,0.39474933419396246,0.38153012324642066,0.45992099991837987,0.41268342481554016,0.85661189335365062,0.5480121041614634,0.57625220041198855,0.40643929816479291,0.52701629928717808,0.50891539068025948
0.45700309178240078,0.42592210731932162,0.77405521364271812,0.46295437798950101,0.65573948101517199,0.20386853017180734,0.39956972969291449,0.45824701798791506,0.72027055483503777,0.45876041368292125,0.38094474366369563,0.51997187328995786,0.40676903071779941,0.509319308957775,0.38059387921615861,0.44557308020827457,0.48811166402501005,0.61357050739967156,0.87487905256000165,0.46671417414226185,0.50514189161501566
0.48676967813779165,0.58222746030286643,0.45546968445760311,0.38797937019082196,0.52279548485683502,0.4258157116277122,0.54132096083222392,0.3837288506374229,0.50284653917119193,0.55042543093087681,0.8566118933536504,0.84116051079345877,0.40094121315506337,0.37220996973658887,0.44555833881489243,0.49081979795049391,0.61671067183805106,0.45040149483024211,0.71344236680324635,0.42489020707010716,0.52260628177455692
0.3984977491559733,0.62723415836790319,0.38112918536955315,0.41423134892013963,0.62436158767149164,0.76279737433968797,0.44372076153075513,0.42194882412403673,0.68777406449938017,0.48791285387740124,0.70734580620832122,0.39208466479192133,0.41494388574324431,0.61200164351477637,0.49605841144817253,0.49069531420356327,0.65884291299793707,0.52542294252844202,0.41701931341425363,0.47002407933053075,0.52170234410187422
0.37094650500785653,0.42978700587992558,0.57765037925487683,0.54206786571110055,0.65571680436918967,0.62468463554380615,0.41617226602900637,0.37101238578355866,0.59785531937157477,0.39434029060142739,0.70066724055034846,0.52799463617711884,0.40165805913822678,0.49874105996452955,0.40441402512375052,0.5079985684662115,0.49621861053610383,0.62427798183475791,0.64746591943910148,0.86026266155335596,0.53249661101679147
0.45000620233250077,0.66141899730691966,0.80360130789539874,0.51029590510188305,0.46455033543692653,0.44480133134772998,0.4471695891863775,0.62507669573838753,0.42267190444008768,0.47862926310016213,0.42909982552002662,0.40207247277765024,0.3631842656425831,0.39101342024961017,0.46433036784654014,0.66869764100999318,0.77405526781532075,0.63705170565270874,0.48474486862299093,0.84691553411084308,0.53846934505673205
0.51335929705736172,0.61818312266668651,0.42075514889549359,0.56002894882236398,0.72442486295281761,0.57198032977863267,0.39195265306485794,0.47854980845009426,0.85661189335365062,0.51425609368491298,0.4921755006476074,0.53112779785956998,0.63904113483550529,0.43627418077764935,0.43542094940579956,0.65507862131191841,0.57303444100816048,0.63648414759323402,0.51152498254390377,0.45778216525039755,0.55090230399803097
0.48412675489931961,0.50033581306767527,0.6232371176872471,0.48894941139975856,0.42439669616806086,0.39217353008301181,0.64075776391836348,0.41408138617336709,0.4802798829552562,0.66827940159275712,0.62162859694707628,0.37764745257512095,0.49329021203967482,0.46768697468260062,0.51334887215915648,0.51952059375128035,0.61360207063068084,0.85661189335365062,0.60311342118533218,0.42905788597615208,0.53060628656227704
0.86026266155335596,0.43817362697571627,0.44183789636738807,0.5307273775392819,0.43964812022078903,0.43541588513153923,0.5927376968368645,0.35148863143045289,0.63573675917424022,0.54688767736071442,0.4442347121183694,0.5897104869693709,0.40415521571721708,0.46879911696911536,0.48249997907040409,0.433764641053341,0.63108873549544575,0.54741664398688439,0.48296973865625564,0.4919267462311655,0.5124741174428955
0.86093079424244046,0.59987623183920535,0.47858172512881103,0.61007468344178961,0.38945197700184386,0.66869774914028313,0.62595636655324571,0.64079054999667417,0.45239773274498524,0.56189375007089326,0.47196749752511458,0.45618061908305874,0.61899382544979054,0.35924288264420806,0.4595979151124765,0.46563865433979224,0.68550851720987116,0.4037574207289566,0.59722547077685051,0.40713004878667503,0.54069472059084833
0.43795521833228507,0.55981121459937333,0.65131426454969588,0.46724901517883521,0.57122549148529334,0.57183029094530036,0.51811146493532623,0.47236985090126504,0.62329602743089441,0.85661189335365062,0.39344626356665119,0.60465571508630789,0.28857233391106518,0.43005286100495199,0.38840540551521135,0.44867518061518086,0.43913619138284971,0.65105082432070405,0.63848846954368899,0.46365723599817976,0.52379576063283562
0.86026266155335596,0.47909539649367672,0.4691915394041401,0.69685846133353224,0.4480987045028465,0.54193395284547541,0.53522280301666258,0.65945439170532061,0.41020655881189566,0.45001917279440473,0.41536917988262223,0.27356633993859797,0.46646098088633936,0.43317857020743372,0.71814872504573146,0.47253495363705111,0.66869774914028302,0.49330120976601427,0.69994962218195711,0.51586825932331948,0.53537096162353304
0.53036669909709244,0.50835479969173158,0.42516816691545084,0.82076030551698054,0.46733665757044013,0.50997239412779483,0.58212704064210352,0.48840981623413493,0.40670594828635609,0.68717774018024991,0.48766764905479293,0.59196781471301585,0.39752424732199482,0.60057044680299354,0.60384548555584094,0.85661189335365062,0.49152568448499612,0.4129089808929578,0.54384337234733937,0.49556736765909271,0.54542062552245052
0.47504746216952209,0.63061755993598712,0.65205946556644512,0.33338306041181093,0.47713324916988764,0.44698231579771502,0.64018631577008267,0.47401100512762773,0.47281935319394669,0.48602610516091282,0.47658359550165097,0.86026266155335596,0.53059033726106086,0.51626903003241975,0.50808141818280406,0.43654146609859729,0.56703348403046194,0.59813997784650341,0.45548806358651744,0.56677922481477649,0.5302017575606045
0.42455409130222116,0.48800139493719924,0.48776700031971565,0.42758955920073294,0.47161753860690636,0.41680089640876511,0.51458924292619801,0.5882885167723485,0.35264490028829382,0.44103672270298988,0.59194915192736419,0.5057034364345897,0.59220878552161682,0.85661189335365062,0.41882006715360187,0.50042324570942065,0.52287176107343858,0.60645812158538459,0.54917482217457603,0.64853413639870205,0.52028226423988588
0.3442828856769416,0.86026260312255776,0.62723404742840205,0.46713359874312133,0.55205530154787119,0.58708716183065479,0.41384146279590894,0.42961759841679681,0.59447536110450627,0.50518375259054171,0.41597481374274825,0.38864821650275039,0.67309605145851092,0.51262813888681025,0.55362624788101056,0.37147135294798322,0.44605693651493317,0.55746551310004056,0.43362546857217632,0.48249980100495887,0.51081331569346122
0.67080166392049589,0.48365636101297643,0.55932651086727314,0.53204924573674495,0.66869774914028324,0.46671475645602295,0.45717488868782674,0.38074937519911478,0.6468276072179886,0.68930162213457713,0.67538626128556822,0.55162684197433509,0.44990212082243197,0.74402919352846575,0.50859013812010045,0.706285626357403,0.38635616566235731,0.51067413151692231,0.43048831134222815,0.51555355092467348,0.55170960609538955
0.52847010985775966,0.4586338469907994,0.66902367826221443,0.62186501294010554,0.52536809712650889,0.60213155852264411,0.42285847285978234,0.49217550064760729,0.5250803214100499,0.42779838881778848,0.48573758894469055,0.43121777767502129,0.64427648692822836,0.62232521293762511,0.38156525822881171,0.86026266155335596,0.45512828547181822,0.462067776177851,0.69695114747655695,0.6188935358308687,0.54659153593300447
0.46474010301099283,0.56686890119115074,0.48149590704788314,0.42782213423217658,0.62134440344691499,0.72796665192618126,0.42745347842973302,0.5571579299295395,0.41840364030071553,0.48516787964992913,0.37905505734589362,0.44357373439901027,0.5655234127295401,0.39634890691580027,0.43288662477578044,0.46662388898505636,0.86026266155335573,0.47278108745822178,0.55371987328165273,0.60539545444107401,0.5177295865525301
0.53646262541586842,0.68051911338290105,0.49143992229198269,0.4069255251402833,0.36260092831633339,0.45301715647103791,0.41287257513703901,0.46918975328454077,0.53190373298244764,0.56991106748513076,0.66817235558477195,0.43665653043809655,0.57696350344861158,0.48451729245403385,0.85661183267764618,0.53799786467785549,0.53733331858549127,0.43728155208124653,0.36150999824743263,0.43470049573847103,0.51232935719206107
0.41297934626737487,0.61857327253933647,0.4916811837163288,0.86026266155335596,0.63393546330039086,0.4225621161629638,0.42712899605360388,0.64215047165114436,0.60681791197835966,0.50561938580184684,0.41419827931519426,0.69072188937218659,0.41589549456002006,0.49174669376823771,0.42956035742772236,0.57439061295504534,0.43631206443597287,0.61142913340012262,0.65543481764815381,0.41626024377573556,0.53788301978415476
0.46447531819439297,0.56980967220389966,0.45499498958187756,0.86026266155335596,0.63911457928308635,0.67906185218660409,0.38795421416772335,0.55569859163157997,0.45105325831161175,0.60529803356538614,0.56394745952418313,0.43517186541950181,0.49418715620207798,0.64264153760849818,0.4330947831932912,0.37190536342701225,0.46907196676772206,0.72424704343423685,0.55848398545129208,0.45519001491193728,0.54078321733096357
0.61929926431054949,0.43848399620636791,0.46733665757044002,0.55575523041216091,0.53856776966171793,0.43382567153802948,0.86026266155335573,0.39813652945996486,0.4742722049088573,0.34936532636348022,0.50092212245562662,0.56517347941716722,0.52170083720056493,0.44396325986920759,0.74598556103090397,0.53048399374255717,0.70066724055034846,0.48478755230335768,0.53579898397159764,0.41077362182367316,0.52877809821749644
0.46429424434640565,0.48321104907571633,0.36945402238206143,0.85661189335365062,0.30997739432350796,0.66685408361441512,0.61956059866200341,0.4560791260984921,0.59814308733938115,0.46612727054238839,0.52600065057555601,0.62506487985296055,0.36760518014369559,0.57935286480928205,0.47137105318585959,0.52759408642319694,0.44418332870925459,0.34233310853820942,0.48249997907040421,0.40581896254596234,0.50310684317962029
0.71344228939442256,0.5064311914375621,0.44342702506106324,0.48521447177226984,0.73457871333918501,0.64964200121050086,0.59628067933413875,0.53869392270951422,0.56606481937503927,0.41022255652173911,0.47298557195778912,0.4660364671357658,0.37428868790511899,0.57165228715174021,0.36434897081506079,0.70303997724843525,0.85661183267764618,0.5575039241329891,0.52872967094830303,0.55669745450764618,0.5547946257317965
0.41106647271918673,0.67334991357984264,0.7091683860082566,0.48643407588169013,0.62471657850098639,0.48765631197725379,0.58084651993114311,0.62810375473416225,0.6533146830083949,0.41368194085490628,0.57498556226783448,0.40425540969407958,0.48365896649021556,0.46183256115550486,0.85661183267764618,0.54268533754003578,0.45487998237012112,0.64757224962994131,0.49697381380343081,0.41961689547830705,0.55057056241514712
0.60563510408358012,0.57799036413995297,0.59097514080899716,0.46895978946621231,0.55471465248107799,0.47245395413252728,0.48762655128416765,0.41670479049456527,0.63077798644005978,0.71344236680324635,0.38906972323759748,0.38900195051644643,0.51985886825508387,0.57762262786857665,0.52974603919770713,0.74442761666450663,0.5393793477274178,0.60826280122195775,0.37701622251251427,0.4151590757154035,0.5304412486525798
0.84211881465170957,0.39067963073321577,0.45144589003753577,0.63318302940087934,0.7929134762812613,0.49828418606574798,0.4794587277496668,0.47252667612429866,0.54956173330209901,0.61457385571414247,0.3845388366070851,0.68837009389781123,0.65975848341163068,0.46245475359815991,0.59968427854080131,0.44623043930102291,0.51162613577536142,0.66248742044741904,0.46421219602196739,0.55352654053412786,0.55788175990979727
0.50360403338733639,0.38356359454749733,0.42692473581858759,0.44835606473545597,0.57144646184614734,0.58982786675128718,0.62134440344691511,0.59041108716932633,0.62595636655324571,0.58822588209811832,0.3893365471850076,0.39679778897442958,0.4439632598692077,0.43171220005939731,0.5940445578848802,0.75332394582546813,0.61580310458433352,0.86026266155335596,0.47297376955812542,0.67386681276950111,0.54908725723088136
0.47357170495105932,0.82650040663137481,0.34780933026260341,0.38372172974440705,0.40044402977873361,0.60151026048287148,0.48423337447439396,0.74889567564397141,0.65712523329528638,0.44483647282981842,0.57168566289478884,0.53823277396153846,0.86026266155335596,0.65312492605419514,0.57228378529145862,0.45394381143242873,0.47883013314778067,0.4343917575903723,0.53733342042164933,0.39149114046513095,0.54301141454536106
0.52864524219109288,0.50469192006237251,0.57402033672230424,0.48614928492397602,0.72060173425415652,0.67243795514725335,0.47470004699773599,0.86026260312255776,0.55354778352164125,0.69706850694405165,0.51580610180057163,0.57881846562843009,0.38052740916225813,0.38803232433149237,0.38220555386657251,0.43738817286300202,0.42165121639754766,0.6247165785009865,0.37573565894411087,0.68127188549520634,0.54291393904386598
0.61843844227071032,0.49350982285856321,0.41003933430176182,0.41291575222842702,0.60024770437003749,0.48661189827421286,0.66817243986273245,0.56507727713538558,0.46431800744564783,0.58351755524310867,0.59651007848436,0.72153898914153902,0.43068843248133454,0.421837707970867,0.47848051353089166,0.4831278732248297,0.85661189335365062,0.48548077054138244,0.585382869760396,0.53945442676548927,0.54509808946226634
0.48213772123212617,0.85661183267764618,0.72442478716688352,0.3882195198103417,0.52955633962762838,0.39960658843838692,0.43337068599643586,0.43509012790162416,0.62278325122898814,0.66869764100999318,0.489458786143254,0.37776719981318629,0.57703996901600596,0.39622450717897134,0.54174649029056188,0.5341457775909223,0.45726176839676586,0.56132611839428559,0.46506411209318699,0.463759309024244,0.52021462665157192
0.37655605037286616,0.62419068088346186,0.5399538932357274,0.43717143769039224,0.74767702500547228,0.86026260312255776,0.37577623515415925,0.67386671933188036,0.54588078150604258,0.4607538573952823,0.51045606397645804,0.35587225348359308,0.44112075289934394,0.38134656983337945,0.4358409890962901,0.56776533309370181,0.52975405043334034,0.51824676840580952,0.68263067534940969,0.56525737565234768,0.53151900579607569
0.38638474972716014,0.53098952708837632,0.39478009520204049,0.35387232554485781,0.43280872435072054,0.52184505758428368,0.71996888755935273,0.4843262749654883,0.63186098046734407,0.45581983612078708,0.54516928470387116,0.86492042593171181,0.55749641998463029,0.59924901104082817,0.40991308327239845,0.65197712552965592,0.4321999036856633,0.62471657850098627,0.45197388328940447,0.54507146198132084,0.52976718182654414
0.51290052460596047,0.79550170839714096,0.46657874841710134,0.54956187038919602,0.60762285678847938,0.71344236680324635,0.61636085337516244,0.59633532872584194,0.52918575900546561,0.52184521810125228,0.48126593963889286,0.42836130668029115,0.48358547611029418,0.31953323830055219,0.85661189335365062,0.36166533027891212,0.4549314493941109,0.38510129484386185,0.46452188427814889,0.40572068896065272,0.52753168682241081
0.54850722873435431,0.44714453200796156,0.59812094588031739,0.489537611824925,0.6242452700023684,0.66867591954000138,0.39945318800651713,0.48244220131672549,0.39683556852431179,0.50704000267412752,0.34562123978893378,0.65393678087356299,0.63461811094035625,0.51593154034167121,0.35784053507999569,0.69832789334176204,0.85661183267764618,0.5319056733518337,0.49048835962271137,0.56197646697947712,0.54046304507547804
0.60745177288621277,0.42496105722778205,0.46057619124593324,0.58136838783449651,0.40139012271272045,0.56881215717947364,0.34574252649611015,0.42217287423447153,0.45324548418705379,0.43509911931392403,0.69965233289753725,0.49003564625294815,0.54142426570851387,0.57217228680446941,0.62595625254643683,0.48245028709313525,0.60647245530155436,0.74232416066843609,0.69657872122820907,0.55433976080184644,0.53561129313106326
0.4925481003765485,0.49284859323211638,0.54258479224705602,0.44129750965936099,0.40643676262756562,0.55029513574209776,0.50397714830211127,0.47677441570428813,0.63259004230143723,0.39709506927653726,0.45546712010792101,0.67823839692523991,0.85661183267764618,0.60415636483471091,0.50336602876247949,0.53579099225004045,0.53152068543277997,0.45351108078667046,0.61531637339569412,0.66827931926670769,0.54193528819545045
0.41310547286067234,0.43241476654966771,0.53883233600857972,0.45640382580480854,0.47933518064794384,0.62048777929744015,0.39763568490389967,0.49105100340034119,0.4206099059972141,0.50778815619966589,0.4434316689617474,0.86026266155335573,0.44406629947448478,0.70066724055034846,0.49672504086152208,0.58376507568891789,0.56323752062057342,0.48847969384592799,0.53939058857003586,0.65506962455831586,0.52663797631777309
0.50197519582436279,0.65975856975640412,0.50893569327589616,0.50143880390185203,0.66869774914028313,0.43451518170631342,0.4514618254088606,0.68702044583874344,0.45680559733575821,0.86087325550732641,0.54237091189004416,0.52017238112383657,0.54113616203756387,0.57511543210210736,0.54710071676215943,0.41157108996444897,0.72153898914153891,0.83350555462420317,0.44119664330129965,0.51598508775383745,0.56905876431984193
0.85661183267764618,0.40849221324191703,0.45587619549474734,0.3780438481681056,0.43961397299084271,0.53456484543585003,0.66869764100999318,0.52691889227270028,0.4430082760192654,0.63223519215552637,0.52100171837087295,0.50225159602572478,0.6807231178830262,0.38120438845664772,0.40855947851664781,0.64569000960196532,0.54266563670208345,0.4410232855415675,0.37168792227964997,0.55882225383964679,0.51988461583422141
0.44593229214088836,0.85661189335365062,0.39156114960649036,0.4615995629511529,0.56154611128195775,0.78349472308062629,0.48740884327427925,0.52882938271784685,0.44799229941455021,0.50350935077944969,0.64378158838273181,0.69127709577485585,0.72505369481494175,0.47076970563798087,0.40848400959740189,0.49233646822822941,0.56110331110786271,0.15802031195332003,0.39364661712323584,0.48891015165959367,0.52509342814405235
0.5030426224713096,0.55005654682543192,0.46665547311411376,0.87487915552781281,0.63401252583652234,0.69905954723445751,0.41932071066733601,0.38713480188831978,0.47053531418802308,0.51229379050032953,0.59719415721090952,0.60781825007735057,0.78222411767257694,0.39570377184648847,0.54625977269261317,0.48604664380365953,0.49569105709286199,0.49541868940892614,0.66817243986273234,0.43980626203033568,0.55156628249760564
0.48174103015876046,0.44111613547942008,0.52542593519694947,0.62584716331336621,0.53981186971802386,0.36209473015731169,0.61770168320644792,0.61609358594559038,0.43350438449189693,0.52486157818863521,0.47918694240764248,0.41948869704779196,0.43443338555634847,0.40387379113222721,0.41312518138376031,0.83041135526488152,0.86026260312255776,0.37401013776605935,0.62019758961023896,0.61437171625464915,0.53087797477012799
0.46459291231585292,0.53785944912409167,0.85661189335365062,0.64213114187398701,0.54956187038919602,0.49840184927395298,0.65255582767744946,0.44418332870925453,0.48538955742303991,0.47504746216952204,0.42558600508030109,0.62723415836790319,0.61121410494788264,0.40288009436060584,0.74728812345697126,0.51741231717470515,0.34990866685000893,0.39508833716687186,0.4703680385952434,0.59811756415339701,0.53757163512319428
0.49801246371939223,0.62775186118831139,0.65403914118588613,0.43270015134202372,0.53979994993609592,0.58471428241710577,0.43327446781473433,0.38615763221435417,0.38132602374785074,0.54358649097562484,0.54535990636931708,0.50570343643458981,0.54349254629978871,0.42543364888875762,0.51376591192938981,0.58675058588374207,0.86026266155335573,0.73235610538724405,0.54012942485669968,0.59970735594054214,0.54671620240424024
0.44884185205127414,0.49644234220809952,0.47301168110024322,0.85661189335365062,0.48250525540630768,0.5109859414994482,0.41782724603299465,0.52196917825186406,0.4535689431102381,0.51385901814323176,0.40958922215678212,0.40204367416328629,0.54090056594603142,0.30766079157860909,0.65331479000323112,0.47727192661552109,0.47585947476502799,0.63186107916575984,0.54674700610554727,0.54921611624672351,0.50850439989519358
0.8566118933536504,0.50627123276131347,0.48474506257335054,0.52766119688566038,0.34082722810055754,0.51286231734468546,0.69874613985720901,0.5948804651158317,0.57125713739135953,0.61490693903458138,0.38230617695770974,0.56691778396271819,0.62416347520971449,0.5751767743773295,0.42309105553936632,0.4448344253856078,0.4611910891684502,0.49884595814601618,0.49405524100215609,0.57694273201560675,0.53781471620914378
0.50463025208685042,0.406146183390444,0.59686663117828231,0.48480093757755516,0.74350640533449242,0.46403649196322866,0.52192766007107494,0.41751597667531337,0.56109127599679109,0.4530325222437267,0.48711333955895608,0.40088582229366682,0.56034871200811853,0.44307057754627077,0.52248632560996322,0.55906574201984938,0.53088839248184749,0.66817243986273245,0.58135748774409346,0.7215389891415388,0.5314241082392398
0.49901928775044768,0.70073858952722134,0.78063534577547744,0.38706645026618547,0.53322439889676665,0.41595109667483721,0.46644433702798216,0.47680316812974022,0.51432951181444619,0.57511543210210736,0.87487915552781259,0.42801543891379162,0.43545712410208931,0.57801901187771043,0.56628471311978068,0.62856361248319126,0.38306610622727932,0.47989431606593891,0.45784571245621358,0.60972903197154793,0.53955409203552851
0.38970772942714405,0.50477847359291539,0.46501814037832617,0.49486224988988364,0.65887486453121091,0.46795260878584877,0.41973964752330406,0.63406897993606015,0.51185696790913204,0.86026266155335596,0.73601937871496792,0.49665743538611595,0.76594870727465314,0.55132280135252321,0.47305673474958548,0.46707583632050653,0.59102846794631558,0.50644742737161519,0.42446904297233934,0.63707024343041962,0.55281091995231113
0.67470185277789363,0.49273249395956353,0.53854756910050117,0.43833509236097523,0.39975066234283263,0.85661183267764618,0.60772078276108532,0.24022180889654915,0.40778676660987373,0.48567161708155931,0.40948798015488502,0.38203343362049502,0.62060862820961149,0.49065713105805875,0.49709234118493273,0.51628071727660463,0.41600633081034644,0.39925663470954109,0.39358581092668049,0.42922381084193501,0.48481566486807848
0.54956187038919613,0.42886201597622192,0.58448203337816229,0.46234812050772761,0.47662927293416724,0.41024943047489282,0.39657639063923833,0.49013360551699386,0.48021358809899251,0.44601300722131193,0.44350029695453808,0.4388575566151614,0.61467280099154575,0.62802444097771726,0.85661189335365062,0.47229458221166648,0.64091262142263861,0.48697988791314817,0.44741124157850309,0.54483131189311751,0.51495829845242969
0.4521953013085217,0.59009168030908288,0.61777300853946238,0.85661189335365062,0.57363448015409813,0.46103950521390108,0.73220269664171256,0.62600413163456559,0.62471668906304101,0.49833918427916712,0.4818582985190088,0.36194858748234693,0.70066724055034846,0.47042793996549764,0.28430338104138164,0.53545697943786563,0.40366678869348638,0.48241136650617539,0.42858258508093383,0.43862270952821553,0.53102772236512319
0.43653566412814049,0.54855383658196089,0.66817235558477195,0.70931835803471244,0.48910040771903934,0.59828243933644631,0.43177063092942281,0.59223377244520703,0.52065311684926174,0.44749934929929197,0.43369027652170355,0.40650074453774349,0.67470185277789363,0.48528907628390172,0.49261449566239995,0.5229702469100812,0.53132822145160774,0.42109077801916267,0.39862533365189468,0.41893516887761317,0.51139330628011292
0.45962487748490677,0.4674773534727551,0.60475798098366651,0.63456096075417512,0.59497335500614212,0.45988653942782759,0.55321305526787223,0.61566753931923246,0.40984653099138696,0.86026266155335596,0.53658027069172132,0.41419748491199249,0.38751158818240827,0.39933513183555674,0.52190082042325892,0.62876040928777155,0.53917653907279206,0.73037193203606088,0.36200482973295084,0.42776408447810876,0.53039369724569707
0.46364381650392356,0.40975050957214831,0.48653581613142699,0.64935850219400759,0.82229150174864851,0.57070861453212085,0.49413458451403836,0.42405237004217511,0.44354999815306712,0.45802307208968945,0.39412541377280585,0.77338755817520088,0.67492668278778056,0.492152349840281,0.65035945439470666,0.45637301017378196,0.51695675274059449,0.72077668940424933,0.51701520602253337,0.85661183267764618,0.56373668677354138
0.85661183267764618,0.47706791379713503,0.54377873926087705,0.45519246192929347,0.45421493314089523,0.51470340578624851,0.66869764100999318,0.51227401022758001,0.53346138017587419,0.57080489970241721,0.62723404742840216,0.5782751309287002,0.42190694725893063,0.41686137645938554,0.57959959190251142,0.49357725426667037,0.35272360558853644,0.44721292442717175,0.50850955831129641,0.416325392164487,0.52145165232220259
0.65975848341163068,0.62829624594128786,0.50686550487577819,0.46402482644448695,0.45891918876253313,0.47115565214608379,0.51381259236416488,0.72060173425415652,0.39286623225186917,0.4426444419524958,0.50398955937118251,0.64259932187533586,0.85661183267764596,0.43216726818310258,0.50616911472811998,0.3854730444426569,0.71076008233505139,0.52790769785791392,0.41514993166557462,0.58362834436587741,0.54117005499534743
0.6497021854039613,0.70066724055034846,0.58222746030286643,0.43696100055605314,0.58034895796213293,0.50456013039167114,0.45950471643570462,0.44796973063881868,0.34472388330290715,0.54197860144933263,0.58083993704180004,0.62899129613753935,0.49998103589748694,0.44820012320187913,0.5115939441335311,0.86026266155335573,0.34901964204368691,0.68137740464547991,0.51619670784894023,0.50461274898129937,0.54148597042393987
0.66869774914028302,0.41927500192293882,0.50366039463133239,0.4920036048378168,0.33962217163623326,0.70341144795129384,0.62759845765866684,0.44965343937622027,0.6875256128080125,0.630232765042125,0.44725896248660113,0.61899382544979065,0.5449290905829367,0.6472002430790893,0.59314779853141331,0.39883000693586157,0.37134975473912285,0.86026266155335596,0.41671129044383604,0.36970862601676729,0.53950364524118488
0.71344228939442256,0.39601138061276359,0.57179052456211577,0.37297511990498294,0.34607929726081949,0.6589219052828309,0.85661183267764618,0.55151084176143672,0.79550165714217724,0.47850580496990008,0.51522045103061431,0.52733413262919659,0.43742548497097955,0.41056805977053756,0.39794299133223265,0.49819751949327501,0.50734500603633959,0.52439872509792229,0.44627532414113835,0.41449513876443128,0.52102767434178821
0.48739683220898994,0.8608731968856802,0.51273547921802964,0.4402049350039029,0.56394732127937386,0.70628555134407001,0.6979044266102189,0.42834918191249038,0.44639260238160949,0.62642216927550487,0.27573281152745543,0.4640564961586951,0.40318272767717434,0.45222309041516395,0.46154723826417293,0.70448332335573494,0.47650418268567496,0.47183501542248701,0.49317438039738226,0.42312237887159598,0.51981866704477031
0.60777811768256718,0.68837009389781112,0.49455945304538196,0.44550823416613072,0.42283336748755573,0.42072413300336359,0.46874759145778616,0.4497242170227313,0.44328188387282774,0.54174649029056177,0.53681789547692271,0.33744684293345395,0.61029823246738768,0.51260946193606316,0.85661183267764618,0.52719114333763462,0.57614045658871194,0.42300145721205418,0.53520916916557248,0.57580076592984719,0.52372004198260058
0.49318746911744277,0.38861450923763546,0.70066715628126175,0.45933615257885274,0.42279143339962921,0.47250647371236976,0.4651008320618063,0.39173917768877869,0.4160221440675988,0.48925919251028827,0.4546990965010359,0.64863237820212249,0.32139923644147761,0.56818242892651105,0.66869764100999318,0.71508755189729922,0.56892097368659655,0.50790004516303722,0.85661183267764596,0.49733505435334446,0.52533453897573623
0.48698296531247875,0.67625889063801781,0.44951105915471717,0.66869764100999318,0.74581732993011662,0.43659404339476771,0.4754328804227087,0.49990234690103852,0.44300251146417968,0.43625824934667429,0.5108964469896351,0.41579558154779417,0.66817235558477195,0.62456148183719973,0.42118381602419797,0.57078342501224522,0.50231750855297774,0.49724543842648605,0.70291249223851593,0.62087098086415926,0.54265987223263379
0.43123846587278691,0.54510155292034701,0.35218305604323091,0.48019613551406354,0.52550218176309837,0.47438134322726216,0.5934427815251182,0.85661189335365062,0.50334064616929708,0.47900606074260549,0.44457421419327386,0.61068137543559842,0.60616361113765516,0.74767708525994714,0.54460477242036154,0.62175009154440164,0.40755089863019522,0.47681262795007145,0.52846002524447444,0.45236232275492166,0.53408205708511802
0.63021278568913675,0.47213564635749511,0.47841318695157947,0.55238408114395843,0.38014294913583008,0.57993687539435312,0.65975856975640423,0.40958965918166951,0.60757183784913305,0.58359472039956095,0.50539343914768287,0.49703972488264758,0.41888427981124127,0.50824499789565869,0.64215047165114436,0.54283739774790829,0.43376466519309637,0.4249129659932141,0.54413967495017956,0.85661189335365062,0.53638599112427721
0.57047987087584873,0.85661183267764618,0.40993424496677611,0.47550774732735041,0.47095136691157719,0.44307982529349987,0.63280728365374983,0.67204175946596412,0.41967221616940237,0.48249980100495893,0.44872078877104382,0.61929915840246963,0.57818999917837721,0.66229168441512476,0.47835871712409145,0.46954246662417293,0.45020751715266744,0.68505163801704438,0.4931584992316953,0.6354426292234453,0.54769245232434538
0.42751639755722487,0.43929892046161145,0.38984613439637916,0.53604741464308203,0.85661183267764618,0.51238987416546888,0.37478804532341092,0.57300256818224948,0.23291192814135889,0.43085632229734366,0.6608771681416169,0.487728709601846,0.64259932187533586,0.45518194719739363,0.41157971899826257,0.48445756572631071,0.47504725040275508,0.46849085160108322,0.66869764100999318,0.45015240752774383,0.49890410099640581
0.45039208091724098,0.30269939802385504,0.67114823726560413,0.69417292937409669,0.47525978824268905,0.460488494410695,0.48474506257335043,0.46699584442060116,0.52105551013572593,0.57514529617734023,0.50372409120142814,0.58365540147907935,0.65783786028474067,0.8566118933536504,0.54531974294790875,0.43929965053822306,0.67492676298510257,0.3417900010894307,0.76992104015282969,0.63234567669882713,0.55537673811362098
