0.41415860858416637,0.44925733899783982,0.38313627707757308,0.34967657984207828,0.42831607905909974,0.81983879693484418,0.42198067769631342,0.37060954000773372,0.47007851336041739,0.46114765471598124,0.4568200066276048
0.46114765471598124,0.48788838481956959,0.42184230826723051,0.36071083157032618,0.77181313371007421,0.45223403372542065,0.46016429812906345,0.34967657984207828,0.29045371506762541,0.39840156109650293,0.44543325009438728
0.58367363377125936,0.4273155306668045,0.33924946038286163,0.36365430424416972,0.46349745950039267,0.41415860858416637,0.8198387969348444,0.32109477212862858,0.40944567140814569,0.45216392043603759,0.45940921580573102
0.38692299838568595,0.34601722805298607,0.45393060406808206,0.3769422187057766,0.39561201111001704,0.36085273243660254,0.40120059348724035,0.43436323107202418,0.36330847650276399,0.39020239952877989,0.39093524933499585
0.40463608764746867,0.42831607905909985,0.45216392043603754,0.39044271013218268,0.38155457436222029,0.39561803370464677,0.34072984242160742,0.35625983454584581,0.36623872917698141,0.36773714371999072,0.38836969552060813
0.44902314095269047,0.3604461153323637,0.47239271261299176,0.3909528381132395,0.56079210059210316,0.39435860565458536,0.46002607730669415,0.36674491212727078,0.45216392043603759,0.46383807099817587,0.43707384941261529
0.4372200593554959,0.46114765471598124,0.40730770724684862,0.35449957710103014,0.34283504708457641,0.4241548387045887,0.45325469854071077,0.30510361162593663,0.41980786224506395,0.41412836294132871,0.40194594195615607
0.40235103610749456,0.44745962472367695,0.48422569032749341,0.42447904071197373,0.44161517053322952,0.47007851336041739,0.35625983454584592,0.41224224119909636,0.39231903481406738,0.32231765271382978,0.41533478390371253
0.37809662493312285,0.42198067769631348,0.8198387969348444,0.43558159191627049,0.41415860858416637,0.37527250186902872,0.40518839665227535,0.36251261865401613,0.30275633114209421,0.52492740443848163,0.44403135528206128
0.42198067769631348,0.47007851336041739,0.43016548505738672,0.45716446422981949,0.37760134646116122,0.36912332508259244,0.47160405076051914,0.37724118065354106,0.8198387969348444,0.40838030295069611,0.46031781431872909
0.36738952894322352,0.31531697153680194,0.35449957710103014,0.79880042657333972,0.29045371506762535,0.45465159712374581,0.45084417764127876,0.38335171117889538,0.38454359107609454,0.47007851336041739,0.42699298096024529
0.47006997294925829,0.32667810891021326,0.39561201111001704,0.41501606955097092,0.30456628519279777,0.36706667377041141,0.39487791045052306,0.37809028647934817,0.41729487981258462,0.39228283441189138,0.3861555032638016
0.39557964484195474,0.26559785164078986,0.42605580953154681,0.40234521067016232,0.38270114070126104,0.81983749228889702,0.46833006889233292,0.43096598229827893,0.4700699729492584,0.43580243270178426,0.44972856065162664
0.45465159712374581,0.45216392043603754,0.41311631381108971,0.38335171117889544,0.29367618015222652,0.34375053134532629,0.44925733899783982,0.45037930870358889,0.43425514415037697,0.28493383075169065,0.39595358766508176
0.47007851336041739,0.46114765471598124,0.4842256903274933,0.42198067769631342,0.44683571147094503,0.40048457053833103,0.37676303165738451,0.38270622376532615,0.35013471581551209,0.81983879693484452,0.46141955862825484
0.37116927207913275,0.45215948060785366,0.36365190906057188,0.38334877144452906,0.28819021086967289,0.34703483529810841,0.36662779378806165,0.35449567945409366,0.36009665032020033,0.31817705447912609,0.36049516574013502
0.35324279827673732,0.35830464584225197,0.41082384162978369,0.30873193246659369,0.40791474668362876,0.47034047770721399,0.40145289418848351,0.39561502241918878,0.81983814461477045,0.4521594806078536,0.43784239844365064
0.44532757267706879,0.37292455103983252,0.45319179778397894,0.46114765471598124,0.43586472655844954,0.45101492025564871,0.32204061149678193,0.43488147931174009,0.81983879693484418,0.4473703027963537,0.46436024135706794
0.32275092144489387,0.47798375950019156,0.44501152570091856,0.33259985188684893,0.41949811114747115,0.37809662493312285,0.45084417764127888,0.46679450393486571,0.32488281753914616,0.38752694321048164,0.40059892369392197
0.45931524967043413,0.43580502977431823,0.46114333877671021,0.45464895692707741,0.81983814461477045,0.39561502241918889,0.41895312578881294,0.41415650439110346,0.45781872203837476,0.37328245712596536,0.46905765515267561
0.3696730360456153,0.4310655429058361,0.36365430424416967,0.47007851336041745,0.58367363377125936,0.35570701212872052,0.36857736574844402,0.35013471581551209,0.44142525433040214,0.35661292709431713,0.40906023054446938
0.43124265931013256,0.39923691738365136,0.47007851336041745,0.38207114886352683,0.36180173905092544,0.45446532981305249,0.24788700493418453,0.4134142416572878,0.35565950311926098,0.3094320600469706,0.38252891175394105
0.32642174924680123,0.39687993379062575,0.38294674471464457,0.37886195979365167,0.81983879693484452,0.51302481077794526,0.45216392043603754,0.39722948766674737,0.33807137643235147,0.42303708380743255,0.44284758636010818
0.36364951385974476,0.42269926547464304,0.45215504072700413,0.42731010037508987,0.43835018661793973,0.34967056714646583,0.42013598039900762,0.81983749228889702,0.45464631670755784,0.42131330064381894,0.45697677642401685
0.40752171213358757,0.39561201111001709,0.58337245247736147,0.38334583168483427,0.77181138970943619,0.43587253213022514,0.45875302817712782,0.34585298946118026,0.40234521067016232,0.4700699729492584,0.46545571305031908
0.47063670620723352,0.30866463435712843,0.41223528703451706,0.4002121496234386,0.46113902278696972,0.4723564637855599,0.41532050371048018,0.32642404867357877,0.39940672043332448,0.39000183661178045,0.40563973732240111
0.4394541380847512,0.39476349707300978,0.45216392043603754,0.38796949760289601,0.51236311981955451,0.54776433261750834,0.42992222675830727,0.39918089271307766,0.36991198478869974,0.81983879693484418,0.47533324068286864
0.45084417764127876,0.43039101574903915,0.31965116718384812,0.3524647316246371,0.39248622307067565,0.41867027743277818,0.46315421160032566,0.33012615227870445,0.29015533998333393,0.45932528881705198,0.39072685853816724
0.18700083176432686,0.46352419109778331,0.41415860858416637,0.47545074732046688,0.43580762682597707,0.3629671972983356,0.81983879693484452,0.44521173092643584,0.49859499348327702,0.35661292709431708,0.44591676513299305
0.4090698861187449,0.4330782013075507,0.36012101738854863,0.45215504072700419,0.39170223401287074,0.29518112676119235,0.38270114070126104,0.35409528986316624,0.4700699729492584,0.33360805981975444,0.38817819696493516
0.81983879693484418,0.45216392043603743,0.40235103610749456,0.41862192457685732,0.38142515626937307,0.42869957446979406,0.47007851336041745,0.42712053850986287,0.39361448557465833,0.38270622376532615,0.45766201700046655
0.31936523608538653,0.40235103610749456,0.47007851336041745,0.58931378762592401,0.41415860858416637,0.3877470614263675,0.33678731398092521,0.39561803370464682,0.4521294151562249,0.39283917513542405,0.41603881811669774
0.42926704114446279,0.41007963953955678,0.42531776478620326,0.58367363377125936,0.35830823192420136,0.47007851336041739,0.45465159712374581,0.32269883582786152,0.48412975466919111,0.40461695139337789,0.43428219635402765
0.36009872255005848,0.45216392043603754,0.46929433453055169,0.32384049901607537,0.47242083610001062,0.46114765471598124,0.38037136772485691,0.45101492025564865,0.46380637159519778,0.36864344727219445,0.42028020741966127
0.40647296226279606,0.28719548200941902,0.45465159712374581,0.40952878943983623,0.43106554290583599,0.49797650021033207,0.36706850055544227,0.45084417764127893,0.38335171117889544,0.35199437879083406,0.40401496421184158
0.45101492025564865,0.39743573902344587,0.39416422510873772,0.81983879693484452,0.4294087423452031,0.44925733899783971,0.26905005870445731,0.42159279105982572,0.45931784600561976,0.47007851336041739,0.45611589717960399
0.36365430424416967,0.38270622376532615,0.37081654287778687,0.38335171117889544,0.4310655429058361,0.81983879693484452,0.47007851336041745,0.52814580182750159,0.34703794981270292,0.37339746848244892,0.447009285538993
0.46113902278696972,0.37938115620973389,0.4028316938172935,0.28126453966554271,0.3712988368026201,0.79879898171535724,0.41256224923912416,0.44800642815451941,0.46113902278696972,0.38800217938532577,0.44044241105634557
0.28026411008131563,0.46076624465935823,0.31597517468133163,0.34768168055648035,0.35579482122463618,0.39506699481073376,0.42198067769631342,0.46114765471598124,0.36967303604561524,0.45084417764127888,0.38591945721130444
0.45215504072700413,0.35360012902263083,0.40234521067016227,0.32653563370276473,0.40253579009890944,0.39975067674976905,0.46422852768577477,0.81983749228889702,0.47006997294925823,0.35156470375556992,0.44426231776507408
0.32269883582786157,0.45465159712374581,0.59860728624486759,0.33937850414674864,0.43634096587323701,0.44737030279635359,0.4521294151562249,0.24750432694091429,0.43307246905750629,0.34405301389108689,0.40758067170585466
0.42159279105982572,0.81983879693484418,0.43580762682597707,0.4008596215280843,0.44925733899783982,0.41415860858416637,0.38577139267334015,0.52410198472030844,0.42831607905909985,0.38725051990932413,0.46669547602928108
0.44124118052304695,0.45216392043603759,0.37950322301558798,0.69896047057917676,0.42831607905909974,0.40715638378697933,0.39020896986397496,0.45216392043603754,0.36103586483908329,0.34123027461706185,0.43519802871560859
0.32667810891021332,0.3824856390551894,0.41539178062537624,0.45083528271177109,0.43811683885744729,0.39561201111001709,0.81983749228889702,0.3467558372248698,0.4700699729492584,0.45464631670755784,0.45004292804405976
0.47006997294925829,0.4100901847154394,0.43952003293133785,0.38871435778553781,0.24087209354678712,0.47574451401843676,0.23296734360515811,0.39588246899804302,0.34323292774765612,0.47338938214219467,0.38704832784398491
0.46114765471598124,0.35625983454584581,0.45465159712374581,0.31407453075490716,0.35411642268855653,0.47007851336041739,0.45101492025564871,0.54049190863821728,0.4624465919138584,0.28719548200941902,0.4151477456006597
0.38714847980303208,0.4587614913858441,0.3827062237653262,0.8198387969348444,0.44426646473862963,0.44433771964862412,0.37499235835506511,0.39153574649421208,0.41415860858416637,0.39977386532538273,0.4517519755035127
0.38079357314052731,0.47007851336041745,0.32741249485981638,0.41415860858416637,0.3862120056849484,0.43580762682597712,0.37845856504319919,0.4690905988524518,0.42198067769631342,0.8198387969348444,0.45038314609826618
0.44022499718758967,0.45083528271177109,0.49188562202765301,0.43580243270178415,0.38724366050881537,0.43130829738050902,0.40244690286102092,0.34545475546579446,0.81983749228889702,0.38270114070126104,0.4587740583835096
0.45351076045792843,0.385170980337386,0.35096386904091736,0.47433599860364611,0.81983879693484452,0.42616988733755867,0.4545244842629958,0.37130602998278955,0.45876149138584416,0.35699566021811929,0.45515779585620297
0.35920869037647374,0.44019240462693021,0.41315233366826326,0.48622454468972354,0.43377889192705543,0.43129686783560112,0.46423887284901316,0.2646535542315181,0.40168177913128106,0.41247372740876997,0.41069016667446301
0.46114765471598124,0.41315233366826315,0.55887213173481043,0.39603155350550168,0.42831607905909974,0.32147542773127069,0.32275092144489387,0.42159279105982572,0.43246462548126247,0.40739920144336728,0.41632027198442756
0.32667810891021326,0.35660705977967966,0.45464631670755795,0.4723564637855599,0.45977171394345884,0.30733010258686505,0.45083528271177109,0.36706667377041141,0.44597785345363467,0.46185482127744548,0.41031243969265968
0.55496182958878593,0.8198387969348444,0.29045371506762541,0.39543880204855025,0.44737030279635359,0.48881035815660051,0.39918882533531808,0.41672324770258828,0.42270565181583952,0.42854038553507934,0.46640319149815851
0.34060518319695421,0.45215504072700413,0.34072192217658415,0.25951722093200685,0.39699759265091739,0.35382667709057813,0.35841977255828716,0.36881776988486603,0.38334583168483427,0.41086765115802237,0.36652746620600546
0.36072320954534554,0.43038205733395352,0.44052687851764166,0.42196163215253535,0.39917555896101692,0.40567293367506629,0.58367060704708085,0.40784930850293633,0.38476895304138387,0.47006997294925829,0.43048011117262186
0.44320298394950897,0.46998916134882079,0.39338565447259416,0.56395817083591826,0.69896047057917676,0.48094376641758618,0.39953470099679977,0.40279229305128456,0.39093217285514298,0.41071247991141435,0.46544118544182478
0.5213258999137047,0.39374997867556077,0.3888851112429938,0.51235856610671759,0.31334705316755473,0.39488966075466758,0.43377002927717784,0.43487617740687973,0.39338119712299069,0.45215504072700419,0.42387387143952521
0.28822749925140156,0.41223528703451706,0.40925764329401942,0.29044767972042135,0.4085706534096526,0.49216611816906319,0.58367060704708074,0.35260052583134621,0.436762434450707,0.45215504072700413,0.4126093488935213
0.47007851336041739,0.33656736454364966,0.41777052148792854,0.81983879693484452,0.40630356975498821,0.43189918303828911,0.41224080498836102,0.41718553981925011,0.40297701569372563,0.42831607905909974,0.45431773886805538
0.37994313409938918,0.28957343907343097,0.38584046025073537,0.32642523481927138,0.47007424318023328,0.35382957243921859,0.3730285691056156,0.45215948060785366,0.39510769684098479,0.37939489190189823,0.38053767223186308
0.49494871149319064,0.4842205325004697,0.28718940527501441,0.40913218790395467,0.33955356939551001,0.324867544452074,0.45215504072700413,0.39561201111001704,0.81983749228889702,0.41216220991400387,0.4419678705060136
0.41415860858416637,0.41620517469991364,0.37444606709145062,0.48054299194564559,0.45216392043603759,0.35760668791003353,0.50757676616043912,0.37424944648587133,0.42831607905909985,0.46114765471598124,0.42664133970886392
0.45464631670755784,0.38334338343834579,0.32016864228873576,0.3652600707759685,0.32642404867357877,0.39260955486419907,0.4293840230412676,0.45214101631706161,0.45215504072700413,0.38764939117993402,0.39637814880136529
0.56060433029206991,0.43106554290583599,0.36972391829788354,0.3551283337485025,0.43039101574903915,0.45216392043603759,0.45465159712374581,0.3583082319242013,0.37303778040274582,0.49573783769613328,0.42808125085761944
0.43101705177314303,0.41735235759120981,0.47007851336041745,0.58367363377125936,0.39840156109650293,0.45101492025564871,0.41283093895039374,0.39228902407626309,0.31374389403675823,0.81983879693484452,0.46902406918464407
0.34122368433916578,0.34417817908870213,0.45216392043603754,0.39561803370464682,0.30470949684796589,0.4842256903274933,0.40233731822035734,0.45101492025564871,0.41224080498836091,0.36706850055544227,0.39547805487638205
0.32275092144489387,0.45890367141377608,0.37939792012528023,0.49478198641701293,0.35449957710103008,0.42515245451893591,0.46816970236612987,0.42650645963047873,0.45216392043603754,0.60610841499381785,0.43884350284473933
0.39847209978636505,0.39373286948383263,0.35763576600235825,0.45216836021155615,0.45084862502716072,0.42796145829509824,0.39071000731072869,0.4149317778370743,0.40851084258973264,0.37339985324736841,0.40683716597912756
0.32667810891021332,0.45083528271177087,0.45215504072700419,0.37733990469670708,0.4700699729492584,0.35830105972764126,0.81983749228889702,0.41991372970148283,0.31615277294937488,0.44152001849133438,0.44328033831536845
0.41224080498836102,0.39561803370464682,0.45465159712374581,0.36864344727219445,0.28325155532993501,0.45216392043603759,0.32754608475627334,0.4274788160489183,0.58367363377125936,0.32269883582786152,0.40279667292592336
0.32016864228873576,0.45931265331425475,0.32070509489564369,0.39783773859785326,0.39719671997984002,0.41422342986951649,0.35074282999151341,0.45558263813254607,0.31847894997077475,0.41223528703451706,0.38464839840751947
0.33226817333860731,0.36726010213958415,0.81983749228889702,0.39903375439587713,0.42197148421899716,0.38507172780846993,0.42759215203775591,0.39339976669373178,0.43887641240362685,0.45083528271177109,0.44361463480373187
0.35449957710103008,0.46114765471598124,0.45465159712374581,0.81983879693484452,0.46423258835654246,0.42015934428685747,0.47945429610582913,0.40460113806207521,0.27367420531406605,0.39986159078449601,0.45321207887854681
0.45559118716240155,0.42045478387963059,0.41415860858416637,0.45465159712374581,0.38651044075299085,0.81983879693484452,0.58367363377125936,0.44029580163321669,0.38270622376532615,0.3749749760917801,0.4732856049699361
0.43510244323701597,0.37416019974859827,0.46755280674081134,0.81983879693484452,0.45216392043603754,0.35650228693483338,0.47007851336041739,0.41315233366826326,0.39530383618283632,0.46799652985436546,0.46518516670980226
0.38009972412876974,0.47007424318023328,0.38785748331292697,0.3420592737135395,0.36837326211729637,0.38979508886119929,0.31334815677267852,0.43487882837051722,0.30045946123280481,0.36467708238218788,0.37516226040721534
0.4442664647386298,0.33130504412799422,0.4257631569257132,0.43379145500737659,0.47007851336041739,0.36629212272520262,0.39019617017685737,0.39460650883415116,0.39170806076552467,0.45216392043603759,0.41001714170979042
0.45931784600561965,0.43078622199857275,0.46308433910685054,0.37700652120767331,0.3064972142694905,0.81983879693484418,0.46114765471598124,0.40647296226279606,0.39561803370464682,0.31531697153680194,0.44350865617432766
0.45931784600561965,0.44620608186322475,0.36524174411062482,0.29539421185532622,0.41612394091220634,0.43049279303423571,0.45465159712374581,0.45216392043603754,0.38983327818611918,0.81983879693484452,0.45292642104619851
0.39917555896101692,0.42590301897607413,0.40137603016744128,0.4488268190022463,0.37874184395585103,0.4521550407270043,0.39047604255594204,0.49440041570892479,0.43553465111602235,0.43660777901657138,0.42631972001870944
0.37290285814268598,0.81983879693484452,0.39561803370464682,0.45101492025564865,0.37392831148373012,0.55165173924098831,0.36365430424416967,0.45216392043603743,0.40693869116028764,0.31531697153680188,0.45030285471398412
0.43285292475057213,0.39561502241918889,0.41289398498328012,0.38334877144452906,0.37939489190189823,0.35740585466491692,0.41415650439110346,0.3420592737135395,0.35821278548151225,0.40393412154062125,0.3879874135291162
0.41415860858416648,0.34703794981270292,0.47007851336041728,0.37828776201948167,0.33709219825427961,0.43580762682597707,0.8198387969348444,0.46820936100241217,0.33666339456994343,0.39561803370464682,0.44027922450688717
0.47006997294925829,0.34287997777972656,0.50455863582125904,0.40943859256614717,0.47352754748836545,0.45855521633267449,0.38985648967451419,0.37362451627716187,0.81983749228889702,0.36797410001438063,0.46103225411923854
0.39392892637932336,0.40647296226279594,0.37565977478455498,0.47007851336041739,0.37597375396663268,0.56395817083591826,0.41224080498836091,0.34365408983681733,0.81983879693484452,0.46352419109778331,0.46253299844474488
0.31033008388628203,0.43961244145589379,0.38270622376532615,0.79880042657333961,0.43211882141601582,0.41415860858416637,0.35467788495648356,0.49700423726952669,0.41224080498836085,0.44112763228340784,0.44827771651788029
0.3639601601478219,0.48829051244857113,0.33586682757148212,0.41499127232118527,0.34149463899458682,0.49688442872479455,0.45216392043603759,0.36717174139749759,0.43137395146638802,0.42424933369666612,0.41164467872050314
0.81983749228889702,0.34967056714646572,0.37774825758233088,0.39917555896101692,0.43449295228284113,0.3827011407012611,0.44383285760140134,0.38312942719174148,0.42328103981116111,0.4700699729492584,0.44839392665163758
0.36504684315405017,0.42622821506357156,0.43646441691303117,0.39917555896101692,0.40461112907103181,0.45083528271177109,0.4507048341343583,0.48767471859098854,0.46422852768577483,0.34982583634321118,0.42347953626288054
0.3836450955908407,0.45558263813254607,0.49477622880471489,0.49900965880677078,0.40120059348724035,0.44152001849133427,0.32642404867357883,0.45998638425860666,0.43193619740546996,0.45083528271177109,0.43449161463628733
0.45464631670755795,0.47194339258307477,0.51192617978522537,0.34591782026115081,0.37809028647934817,0.42531583514213434,0.35382667709057808,0.47006997294925829,0.40319114435300596,0.43611261769871873,0.42510402430500527
0.40649279057567977,0.47007851336041739,0.39111064802128537,0.29034645167943041,0.37524820567210154,0.49688137085069856,0.32269883582786152,0.38335171117889549,0.29065721783056186,0.37845856504319919,0.38053243100401313
0.41415860858416637,0.45216392043603754,0.45922703473416054,0.39133665123808398,0.32735656088582388,0.38088819620262176,0.69896047057917676,0.45465159712374581,0.315286962553322,0.38303256847241612,0.42770625708095544
0.31531697153680194,0.42288040871518245,0.38781215020378512,0.4546515971237457,0.441711691828652,0.41280742213818344,0.81983879693484452,0.45101492025564865,0.31374389403675823,0.49023892010397263,0.45100167728775747
0.45083528271177109,0.45464631670755784,0.32667810891021326,0.45511299867297011,0.43096598229827893,0.50041210482918352,0.35909108019780928,0.36682360195718089,0.36863722048148567,0.81983749228889702,0.45330401890553473
0.48039031154819412,0.34779423552180239,0.50546907212378289,0.40854039043134438,0.48350843975477786,0.37411440157586384,0.45216392043603759,0.45084417764127876,0.56395817083591837,0.3094320600469706,0.43762151799159704
0.62052038534611409,0.77181313371007421,0.36365430424416967,0.44737030279635359,0.43661443431667352,0.41415860858416637,0.47553506665564782,0.47007851336041745,0.4413513946525599,0.40163908320678726,0.4842735226872964
0.40099473243471023,0.47887704210604171,0.40562733499647258,0.38127009926260885,0.38781258593390389,0.37408402208445329,0.35795279873999047,0.43158260643792234,0.32642404867357883,0.4636109491393966,0.40082362198090787
0.45573117725111301,0.44947376170025299,0.34976017645178209,0.34857677268768672,0.81983749228889702,0.34494017039156899,0.45215504072700419,0.32667810891021326,0.34967056714646583,0.46250869630215413,0.43593319638571382
0.34585298946118026,0.38883144159213112,0.3087285837875231,0.45215504072700413,0.37882199251155141,0.81983749228889702,0.40377711117962234,0.35711836425068938,0.45464631670755784,0.41223528703451706,0.43220046195406736
0.45215504072700413,0.47006997294925829,0.39372269673719035,0.32667810891021321,0.42454544622522344,0.58367060704708074,0.81983749228889702,0.43539329864786624,0.49303463538204689,0.34399805590804367,0.47431053548228236
0.4842205325004697,0.31531048215848084,0.42831010631702976,0.81983749228889702,0.43580243270178415,0.47006997294925829,0.40377711117962234,0.39561201111001704,0.45215504072700419,0.25649362254980723,0.44615888044823704
0.33586682757148212,0.33140254473243236,0.42831607905909974,0.22548651590246993,0.42198067769631348,0.35681123216430732,0.81983879693484452,0.39561803370464677,0.37929446586762988,0.35545957582130766,0.40500747494545336
0.81983749228889702,0.35769284535401313,0.49975736739647802,0.39917555896101692,0.33820848846915252,0.29044767972042129,0.43938508066862897,0.46113902278696983,0.37547973394076378,0.4249094485464015,0.4406032718132743
0.31445789025181953,0.56079210059210327,0.49905510354185695,0.48788838481956953,0.42059272313245388,0.4473703027963537,0.441711691828652,0.43285738684854619,0.27367420531406605,0.36631127191699553,0.4244711061042416
0.36365430424416967,0.42747881604891819,0.34967657984207828,0.48681177217269128,0.38270622376532615,0.81983879693484452,0.40540131309546845,0.45216392043603754,0.47007851336041739,0.41415860858416637,0.45719688484841176
0.4348814793117402,0.81983879693484452,0.36923633771476683,0.3682674662066921,0.54970689285938801,0.46832567766580463,0.33586682757148206,0.38986080197489648,0.41032291993259795,0.38988001173920905,0.45361872119114227
0.4240965720999309,0.45286682190449995,0.3669817367508838,0.43341015334031419,0.41200239614948125,0.77181313371007421,0.45216392043603759,0.37637409199884986,0.42831607905909974,0.37753401010287491,0.44955589155520459
0.40539755894602908,0.47007424318023328,0.40254043035706549,0.34728308825052545,0.32763247782521415,0.31531372686077919,0.37339508369954905,0.43487882837051722,0.37938470420406895,0.29118563536460262,0.37470857770585847
0.46113902278696972,0.40952110759092325,0.44925129233036271,0.31406789332105223,0.45393060406808206,0.34545475546579452,0.81983749228889702,0.38442825747776599,0.42197148421899711,0.30918110845876334,0.43687830180076082
0.32905148819385327,0.38912300161074975,0.81983749228889702,0.3951411195204021,0.43048810694476647,0.378856225865769,0.35274379689375274,0.37993456454426,0.34703172075962063,0.46113902278696972,0.42833465394090409
0.45465159712374581,0.4204547838796307,0.63368695583168588,0.47007851336041739,0.35590541670501213,0.5090191164135589,0.40618519474590659,0.31687583839114641,0.35275261684760834,0.47206710121064666,0.43916771345093586
0.37734845438576547,0.44925733899783965,0.39130405057432505,0.35017672430120028,0.41415860858416637,0.44888003113910246,0.42668950371710845,0.43379145500737665,0.81983879693484418,0.36365430424416967,0.44750992678858986
0.47888284319115426,0.43580762682597707,0.52499883654043222,0.37339746848244892,0.39561803370464677,0.45216392043603754,0.3270392501847828,0.47917248774047916,0.308670715650531,0.42503400147149745,0.42007851842279875
0.41415860858416637,0.46114765471598124,0.41985032877896888,0.39561803370464682,0.45172548392750028,0.40463608764746867,0.58367363377125936,0.81983879693484418,0.40649279057567966,0.37013466370199327,0.47272760823425086
0.45215504072700419,0.41092137665903267,0.38619367326488768,0.32247668567589016,0.3540952898631663,0.32667810891021326,0.45464631670755784,0.81983749228889702,0.40459320875383042,0.373914054492193,0.43055112473426727
0.38145223662577776,0.36984093183413369,0.46349745950039256,0.48980881583710528,0.36832225221163339,0.38707160867252954,0.30457172001650124,0.45101492025564865,0.41173203079220039,0.81983879693484452,0.44471507726807669
0.39377506546541974,0.40424971528403369,0.41315233366826326,0.45216392043603754,0.41985032877896888,0.51358189634591489,0.81983879693484418,0.30348099799017814,0.44019240462693032,0.58367363377125936,0.47439590933018499
0.59995608633864317,0.43787019557050266,0.40595561162772842,0.38729816972987274,0.44737030279635348,0.34744059711164654,0.38975423460661063,0.27733415349462437,0.45465159712374581,0.81983879693484452,0.4567469745334572
0.30560649262179834,0.43731876205793074,0.32269883582786163,0.45216392043603754,0.62187319516302719,0.30348099799017814,0.47575021908618231,0.39671915241101136,0.38270622376532615,0.8198387969348444,0.45181565962941972
0.47906099298232652,0.39170806076552478,0.40500591865505375,0.45216392043603759,0.81983879693484452,0.58367363377125936,0.34703794981270297,0.38562905243810636,0.39966736111243234,0.38715216526710511,0.4650937852175393
0.48613200242808469,0.46113902278696972,0.45083528271177109,0.36355347261002413,0.38522148368115705,0.30025770742920005,0.43487617740687978,0.46349205937585369,0.37939186365454824,0.35904125608391446,0.40839403281684028
0.56277067665880287,0.34220301436339878,0.58367363377125936,0.77181313371007421,0.35894888590942831,0.33784000394718017,0.34332462485378429,0.45465159712374581,0.35830823192420136,0.4521639204360377,0.45656977226979123
0.33788629231524603,0.45216392043603759,0.32642642096123625,0.45767272437849627,0.47102230008340518,0.33562705191842318,0.38559766671267071,0.3140745307549071,0.43130157426759713,0.41819311143860877,0.39299655932666278
0.29583777813830758,0.4700699729492584,0.41096869373656786,0.30867524295002735,0.42731010037508999,0.53084937011084332,0.49766307134166993,0.3384759624829522,0.37809028647934823,0.44736151456303386,0.41053019931270984
0.44925733899783982,0.45101492025564865,0.38725051990932419,0.41676542781935993,0.47518895041940235,0.43377889192705543,0.8198387969348444,0.39543880204855031,0.38335171117889544,0.46027259803644166,0.46721579575273625
0.45216392043603759,0.35205489677296908,0.44793701327911767,0.54360886046563739,0.47204910220666346,0.36009872255005848,0.32275092144489387,0.39321857441842856,0.4348814793117402,0.41415860858416631,0.41929220994697136
0.63374266065853635,0.35358131893935568,0.45216392043603759,0.4414730720302445,0.34768168055648035,0.45544360798743544,0.34697050806939805,0.81983879693484452,0.41009020096410598,0.45559118716240138,0.47165769537388397
0.31334705316755473,0.45083528271177098,0.32757107511243,0.38270114070126104,0.44745184161853457,0.40120059348724035,0.38399954903567124,0.46734058160167741,0.37127228734004103,0.44683018968007798,0.39925495944562595
0.32925526110597153,0.33429327065050662,0.33821531237946617,0.43754085166568207,0.47236495478196278,0.41280251277563423,0.39705267040184422,0.81983879693484452,0.40647296226279617,0.59860728624486759,0.45464438792035755
0.42831607905909974,0.36629212272520262,0.43285738684854608,0.81983879693484452,0.39561803370464682,0.34590743771450067,0.33660457855279285,0.45216392043603759,0.41203402897970642,0.45559118716240155,0.44452235721177785
0.35650391404936937,0.31687583839114641,0.47007851336041739,0.40906894159872104,0.51931016870308078,0.31965116718384812,0.36040549490244261,0.39048240255953903,0.47445861559885538,0.37117369672612982,0.39880087530735497
0.4085035974407159,0.41381399940635716,0.81983879693484418,0.40292816911732032,0.4304927930342356,0.41502543078070736,0.45922703473416043,0.44516148637546837,0.38019531131565237,0.36365430424416967,0.45388409233836313
0.42671306835508849,0.32642404867357877,0.50961062535781743,0.45558263813254607,0.3734362656673712,0.41022844716062712,0.42374608692037918,0.23725322906147786,0.45215504072700402,0.39266254275868223,0.40078119928145722
0.54753540358862141,0.45216392043603759,0.40138260532681452,0.36629212272520245,0.31531697153680194,0.33873851749964012,0.34703794981270286,0.43115352488711273,0.38335171117889544,0.75177202008580157,0.43347447470776307
0.38814126191748277,0.4842256903274933,0.3771404938571547,0.36930271799221775,0.38800795309042158,0.38335171117889544,0.42531776478620309,0.45216392043603759,0.43722005935549585,0.34123027461706185,0.40461018475584637
0.35549330348230812,0.32410276515300018,0.42831010631702976,0.45215504072700413,0.39561201111001709,0.324867544452074,0.34736297444644409,0.41299559139656383,0.69895865547556624,0.47698370283704949,0.42168416953970567
0.38132077380133306,0.41224639987811129,0.81983749228889702,0.41954381510131461,0.47353926546656122,0.45215504072700413,0.35422381555931332,0.46109191550043532,0.39846611274141985,0.44736151456303397,0.46197861456274236
0.32654271993574702,0.36912713406604752,0.40235103610749456,0.40318339771051814,0.35123547382732312,0.46251435522445872,0.45559118716240155,0.46196978016194318,0.81983879693484452,0.4348814793117402,0.44872353604425186
0.40384362651477446,0.50349920260734615,0.34703794981270292,0.3613992041741303,0.47007851336041739,0.81983879693484452,0.45101492025564865,0.36365430424416967,0.46093654963316089,0.394524241774938,0.45758273093121338
0.37368404168465769,0.44111852272559127,0.45215504072700419,0.81983749228889702,0.4109979089956502,0.36504684315405012,0.39020239952877989,0.45464631670755784,0.32667810891021332,0.35909108019780922,0.43934577549202114
0.37948398493170371,0.38403362399880347,0.47007851336041739,0.44974111385512694,0.55913750405365126,0.40647296226279617,0.46408993145722111,0.30968407954625637,0.36365430424416967,0.35204424965506376,0.41384202673652098
0.36012792577888131,0.45101492025564871,0.52303585141430209,0.39216169249401794,0.42466775311690175,0.81983879693484452,0.45216392043603754,0.41971743602164191,0.35132599295942601,0.39649476902704595,0.45905490584387482
0.45940922759201797,0.35201714512191151,0.31531048215848079,0.403323992616757,0.40624904517202748,0.45215504072700413,0.41411927123845083,0.39497818370112242,0.43653446983955424,0.36432880554293778,0.39984256637102644
0.45216392043603743,0.41432240035258161,0.81983879693484418,0.41224080498836102,0.37709530184978612,0.31531697153680194,0.39923691738365141,0.44747597027016478,0.45711616037555231,0.64321869343605598,0.47380259375638367
0.42456620580266219,0.45101492025564865,0.45465159712374581,0.44019240462693021,0.45216392043603759,0.42226948765273392,0.36365430424416972,0.32671709441800739,0.77181313371007421,0.52229462900081969,0.46293376972708289
0.35962218441800925,0.39979381955984467,0.38334583168483427,0.42747183386223597,0.77181138970943608,0.45215504072700419,0.32667810891021321,0.32467481011900717,0.39977510290666418,0.31531048215848084,0.41606386040557297
0.45216392043603754,0.3583082319242013,0.4546515971237457,0.44112763228340796,0.46114765471598124,0.37397075144251413,0.66215531601683186,0.31531697153680194,0.46368897485537663,0.36836342561884006,0.43508944759537382
0.42982663151368516,0.42731010037508987,0.36005421460595921,0.27047498707751833,0.39047604255594198,0.31938319160498208,0.77181138970943619,0.42269926547464315,0.46950524318519493,0.39374997867556089,0.42552910447780123
0.29632023803173724,0.33428111209227429,0.42015934428685736,0.39867953289434382,0.45999427403963666,0.4746228001553362,0.45283527499361337,0.45216392043603759,0.34640913299471449,0.4382782965818805,0.40737439265064312
0.38313627707757314,0.45890367141377597,0.40235103610749456,0.42747881604891819,0.45101492025564865,0.30943206004697055,0.41475714281891474,0.47973368997508892,0.45216392043603759,0.35580208121873003,0.41347736153991521
0.48422053250046959,0.33664165496922227,0.3827011407012611,0.46113902278696972,0.49904973935401625,0.58931124933918932,0.45215504072700413,0.36541645252515109,0.44379018892423627,0.81983749228889702,0.48342625141164169
0.32656565336824878,0.34983199936600312,0.44520293126675881,0.36364951385974459,0.48422053250046959,0.53126295959561154,0.30798832815279875,0.4700948457115407,0.24325374459872923,0.41223528703451712,0.39343057954544219
0.43038205733395341,0.32310990598770933,0.44704293918533661,0.39588246899804308,0.33487901556440147,0.40787964731785609,0.35909108019780933,0.49635703327928138,0.46349205937585358,0.81983749228889702,0.44779536995291414
0.46973746856206677,0.41346842401105921,0.35821113181938802,0.45215504072700419,0.29044767972042129,0.3087285837875231,0.40749165802713871,0.42635540781018488,0.38334583168483427,0.45464631670755784,0.39645875428571781
0.39938009105746552,0.58367363377125936,0.38507839864560511,0.45465159712374581,0.8198387969348444,0.45084417764127888,0.40378443912197193,0.42731553066680439,0.44763206215470425,0.38381295781373537,0.47560116849314155
0.32642404867357877,0.40567293367506618,0.41066274013537152,0.36012101738854863,0.46113902278696983,0.41571957623934364,0.4875253315218071,0.49687742768117993,0.44736151456303386,0.40463003925894386,0.42161336519238429
0.23028600683043371,0.45931784600561976,0.35661292709431708,0.41032291993259806,0.32642642096123631,0.47159756242145806,0.47007851336041739,0.32127847958395961,0.44127587467038987,0.38010435096259909,0.38673009018230292
0.41439747176909308,0.41415860858416637,0.35129039771078663,0.58977398049233254,0.39978118039844879,0.3930051304249923,0.42831607905909974,0.42566050306706515,0.45216392043603754,0.79880042657333972,0.46673476985153622
0.46114765471598124,0.36896428207824827,0.44683571147094503,0.31009400054579739,0.30769263537852193,0.34424418830509562,0.56079210059210316,0.32269883582786152,0.40297569579393694,0.41302971465756649,0.39384748193660574
0.37137000688508381,0.41511779902389218,0.45216392043603754,0.4348814793117402,0.39966709845312753,0.38270622376532615,0.39561803370464682,0.41315233366826326,0.61855407760221626,0.28061874808174025,0.41638497209320741
0.40377711117962234,0.44111852272559132,0.41376889968743991,0.48422053250046959,0.31531048215848079,0.40234521067016232,0.32642404867357877,0.37526577272711326,0.42197148421899711,0.67579908177595649,0.42600011463174114
0.40764926517577782,0.41536176370948397,0.44598775126232393,0.34973816676014458,0.42236122505766832,0.81983879693484452,0.38155457436222029,0.41532989862016534,0.35581255332220063,0.46114765471598124,0.44747816499208104
0.47007851336041739,0.42999240880568579,0.3539899733140236,0.39791358288525203,0.44019240462693043,0.32642642096123625,0.40463608764746867,0.45000150330543276,0.4113401911867765,0.33156644859422724,0.40161375346874512
0.451758604606533,0.47007424318023328,0.41652536718238364,0.44342605621228487,0.36571551209887521,0.390781753156284,0.81983814461477045,0.4521594806078536,0.37933073488563229,0.42456315431048325,0.46141730508553336
0.36365430424416967,0.3718677430426881,0.39562088183624899,0.35262790314662346,0.4310655429058361,0.4177702502812049,0.45216392043603754,0.36629212272520262,0.43661443431667363,0.31965116718384806,0.3907328270118533
0.40532880166289598,0.43080386070363258,0.44925733899783993,0.28864307567562986,0.38028265310997134,0.31965116718384806,0.46755280674081129,0.42198067769631348,0.47007851336041739,0.3937049325679649,0.4027283827699325
0.4008596215280843,0.53883513233500158,0.31288713074804042,0.3524314194832226,0.4354538747835478,0.41038038814704836,0.39561803370464677,0.46114765471598124,0.33796914381306248,0.44670748087621526,0.40922898801348512
0.45176164192539475,0.43179131815137506,0.35410148242720962,0.81983879693484418,0.62070811350931598,0.43770603997986457,0.45101492025564865,0.42451494001134477,0.3823762030666335,0.44710868188873648,0.4820922138150367
0.40472587925414744,0.37809345571994801,0.45464895692707741,0.81983814461477045,0.31374086042239357,0.46114333877671021,0.21123650538285302,0.45539319848337234,0.45519185741467111,0.35637584402746786,0.43103880410234119
0.30646499477696698,0.31068027098428652,0.40637073892066961,0.36891538910926502,0.27420815360445966,0.3138896403364953,0.73213742195449338,0.42642875912309047,0.37289236503614043,0.32145372491788443,0.38334414587637516
0.37219067574828352,0.73213742195449338,0.37845149705168113,0.33633996329087168,0.3626320979283062,0.35538166550083378,0.31587318717482132,0.42140127143902673,0.33292394225490485,0.32145372491788443,0.39287854472611067
0.25202738759645682,0.31290104754374409,0.32887875031932801,0.40559023562765428,0.31724314475948134,0.35270356600235397,0.27579851611099965,0.73213742195449361,0.40456794770118432,0.24471667499159261,0.36265646926072892
0.30084738640949238,0.53581782546600498,0.29591110535034387,0.27400014403837086,0.35489831762170676,0.37383500898734612,0.30922605775167555,0.34729136696800994,0.28022937776159984,0.34921457466794631,0.34212711650224964
0.37029179095778414,0.35944069478697382,0.25457187273121323,0.30667287596856191,0.42064328651376559,0.43041836946512307,0.36596023937984234,0.30546793186168919,0.24043841272578712,0.54130174454484981,0.35952072189355899
0.30526486058598568,0.3411229300587314,0.38987488556945704,0.37104711423795567,0.40919222986985587,0.46787958623061432,0.37155140199606984,0.42271292851512249,0.32059889969798994,0.34832896157712667,0.3747573798338909
0.32145372491788443,0.33500448012418194,0.25076636669501251,0.27235916407598959,0.25967793098958758,0.73213742195449361,0.35509309747108614,0.33957255669196684,0.37617941733001536,0.3755806227205567,0.36178247829707744
0.3190988047617741,0.37847129717625683,0.44863620450257286,0.20128024372022849,0.37649408264921247,0.35989729803130366,0.27067998426111184,0.38586021031696094,0.34838074021845189,0.38320374175475796,0.34720026073926313
0.42679656401098376,0.26544321203976529,0.42226682703015272,0.30262940395156024,0.40632275429021059,0.30469150095372199,0.30456873014451674,0.6961937295264653,0.38586021031696094,0.30273238898488752,0.38175053212492249
0.2965574425938432,0.36693821324579712,0.73213742195449361,0.26171612387454835,0.43046745691527999,0.403752439051342,0.25476709934875308,0.31970234464435954,0.34988912606802158,0.37023350412848532,0.37861611718249233
0.22199004049175372,0.31916464345289441,0.38790455415035124,0.39366745840902873,0.2178329377993094,0.33428323986497477,0.3728360361991182,0.22017219147128841,0.3236338135405129,0.35381718001593343,0.31453020953951649
0.46787958623061421,0.38926413589205666,0.23990367953194883,0.42140127143902673,0.35792115379780404,0.28486816175187529,0.20128024372022849,0.4797264254810174,0.25399058081594011,0.38895221816048303,0.34851874568209951
0.29292103032287942,0.32145372491788449,0.73213742195449361,0.28432428700735468,0.42827992538916615,0.37714633075180232,0.37947561360087845,0.39087078189216584,0.28102638507686134,0.27219118213090565,0.37598266830443922
0.37156567041318034,0.37026482883923889,0.27478871252437076,0.33949354445065183,0.34202456295741041,0.48530849692916511,0.73213742195449361,0.35381556007679738,0.40652516533158767,0.30396133646508983,0.39798852999419859
0.40901652472264055,0.3017404323484571,0.39414807008962932,0.35810860497709324,0.73213742195449361,0.42140127143902661,0.34319897125540832,0.24706848965851255,0.50758005466790479,0.32968183788142624,0.40440816789945921
0.42813825982648257,0.33504047843766377,0.29373671917983213,0.32145372491788443,0.44194684349212887,0.28719691279310849,0.39900467394201977,0.34380131263850716,0.38011397348314679,0.37903325613289607,0.36094661548436702
0.69619166787139508,0.28360138666079004,0.34684157369918667,0.29790432426964858,0.47095079652510741,0.38925309902820732,0.3973717055902658,0.31700273886336905,0.40371356922605905,0.34188570698364656,0.39447165687176755
0.39905000033936455,0.26376776673540192,0.28397319364554741,0.42064328651376559,0.4678795862306141,0.34742949649573951,0.3314284048330548,0.40901652472264044,0.31183997366046434,0.33814144437236898,0.35731696775489613
0.32752324818921263,0.2699426849189277,0.40901652472264055,0.27156026232483288,0.73213742195449338,0.46787958623061421,0.30888789088226493,0.33744861117405034,0.42704444460932978,0.31648989659819271,0.38679305716045592
0.32351859800692229,0.32638683029618071,0.31477053379339526,0.73213742195449361,0.32145372491788443,0.40986136511081056,0.34997004562117906,0.40652516533158767,0.227554888005159,0.30254859480042601,0.37147271678380378
0.20864283780719214,0.30084738640949243,0.40064333350534775,0.25517049803123337,0.31588954543569664,0.32724479965920489,0.42617965057533025,0.73213742195449361,0.41748261167012196,0.31566870700717209,0.36999067920552847
0.42084873186365168,0.32696616902490111,0.73213742195449361,0.39366745840902878,0.29266563692945596,0.31426870387146438,0.30846516706073024,0.40300443161010702,0.37135171207236367,0.26376776673540181,0.38271431995315985
0.342715458362851,0.34875136559453918,0.38052572364771942,0.40828060869900507,0.31794179283509338,0.26490193391108047,0.42454779120311026,0.33377688071737149,0.73213742195449338,0.3830162531658251,0.39365952300910889
0.30642171507463478,0.27403839837039651,0.28378962265905122,0.32145372491788443,0.40652516533158767,0.35456178562165752,0.38457657327321643,0.38155091577480332,0.44593699519957053,0.40632275429021059,0.35651776505130128
0.30084738640949238,0.36141717803780887,0.45998377449267502,0.31484996796281461,0.38407457571446096,0.42827992538916615,0.27834509205209884,0.26141079993144711,0.39404638371642281,0.25870233977647283,0.34419574234828598
0.39272168039647914,0.28143928941652896,0.37387129145440162,0.73213742195449338,0.36787420059602854,0.38926413589205661,0.27564434292448275,0.38273388926166013,0.34021313161428079,0.33163439734620598,0.38675337808566174
0.31190960799103501,0.32669621790337167,0.2479647737532002,0.34202456295741041,0.27247420349918039,0.33957255669196684,0.39408028242433812,0.41846090855260548,0.32352810081293198,0.60268243259619703,0.35793936471822374
0.25318847068323591,0.35713346806029528,0.34875136559453912,0.23468145767288223,0.28687730927465577,0.25359237934941525,0.32576101265522461,0.29339625987692497,0.45868770314519719,0.42080381159183144,0.32328732379042013
0.38588504449520628,0.42140127143902673,0.38405272124762607,0.31587039618120483,0.2518248129945107,0.34659353044870034,0.41521071252611019,0.32217054458836103,0.30143318950945663,0.64248001264560095,0.37869222360758037
0.37779138277479341,0.2225797219937336,0.23904632918800917,0.34209524797318985,0.32259048606646984,0.3611135795443885,0.33468344585011828,0.29080769171257115,0.32559235619387072,0.28062769029565204,0.30969279315927967
0.2467764288535943,0.48350430113846132,0.33050657239708137,0.43340044689791773,0.2716899145561168,0.73213742195449361,0.38211311693587208,0.37313993078290925,0.23286278600523724,0.39330657134533153,0.38794374908670148
0.3007003650676402,0.35811366645971826,0.30546793186168919,0.30006685368500352,0.28751381735865111,0.38328697638283382,0.337893249570831,0.27460367295858068,0.31970243967144307,0.73213742195449361,0.35994863949708844
0.31833353456994368,0.26235233001257546,0.40901652472264044,0.32751632152844457,0.3504537690158338,0.30663454017489011,0.37075249245285868,0.37903524109121384,0.73213742195449338,0.27483968373232359,0.37310718592552178
0.30084738640949238,0.2787949130431896,0.35100136035830187,0.73213742195449361,0.41051137400068916,0.31588954543569658,0.31479255483185342,0.30888789088226493,0.37986152555819258,0.42827992538916621,0.38210038978633398
0.27306609351860872,0.39901099671096418,0.32906276925095718,0.39332943010648391,0.37906349668437894,0.60268243259619703,0.38019594964491182,0.3283278770801093,0.46787958623061421,0.31002811509041273,0.38626467469136383
0.33027788577567618,0.20658071362738703,0.37713556347978661,0.2632608923161498,0.37135171207236362,0.41051137400068916,0.30953053472997749,0.35648282758308752,0.37562226675184307,0.38715808334070256,0.33879118536776637
0.23840711248643193,0.33163504208267647,0.40295231930056019,0.33824782407371418,0.41439743243905658,0.27403839837039656,0.28394539221171156,0.22864554144115776,0.37402074489190418,0.40924406281747866,0.32955338701150882
0.30084738640949243,0.32975833145016964,0.37135171207236362,0.33981209707751947,0.58615832583102012,0.4837219376176683,0.73213742195449338,0.33285831056030607,0.33944589218530197,0.42827992538916621,0.42443713405475014
0.41310434645452582,0.2178329377993094,0.3154803539215626,0.29299230740365884,0.31620709318230433,0.26060231995310579,0.36042335746925858,0.34007838216823399,0.39572685545624531,0.33053059253909367,0.32429785463472982
0.37289236503614037,0.23693180560837762,0.37135171207236362,0.39404638371642281,0.35430629110022549,0.73213742195449349,0.41348354955329036,0.37679623862532619,0.32082619347925279,0.35701381946735677,0.39297857806132497
0.37135171207236362,0.39737969441002957,0.40652516533158767,0.39101424279265318,0.30273238898488747,0.35045376901583386,0.73213742195449361,0.42265894526262004,0.28629775661462809,0.46787958623061421,0.41284306826697109
0.42329310731023428,0.40901652472264055,0.32059889969798994,0.3518957982652553,0.25148403485731208,0.34202456295741052,0.42435353190811814,0.33933277919151383,0.73213742195449361,0.28640902649687183,0.38805456873618394
0.40652516533158767,0.40718103181296517,0.29596335977518706,0.31365767381435739,0.26319998195635186,0.60268243259619714,0.44910651495281051,0.36312976011890646,0.41051137400068927,0.36634334577284977,0.38783006401319015
0.28649652440877055,0.35347860490403588,0.60268243259619703,0.2815875628368768,0.30877175835473125,0.31246455920179422,0.31183997366046429,0.3098005063734609,0.26076619234700604,0.41310434645452582,0.34409924611378628
0.23666713719139879,0.31507377450273677,0.42461954676316882,0.38846243554483667,0.36983680667737284,0.33327508144079143,0.42064328651376559,0.34300694014366034,0.29383308477402714,0.41725907324383982,0.35426771667955981
0.37126578505879682,0.31634642083735809,0.36729668859406223,0.29566898710739037,0.34909099487266543,0.19991726083895178,0.37135171207236362,0.41418750434931734,0.41310434645452582,0.27079330830595422,0.33690230084913858
0.36634334577284977,0.43429438281710597,0.32188222444740711,0.27493901775878044,0.37649408264921252,0.33127937907823057,0.42125982920143884,0.30084738640949238,0.30256801363985991,0.35457601442294007,0.34844836761973175
0.42140127143902661,0.34097462956140762,0.30396133646508977,0.73213742195449338,0.46029479964879838,0.37976155930356159,0.25953351597577318,0.82270246413794368,0.39069877918647317,0.26248415733248082,0.43739499350050481
0.26376776673540181,0.41175772522976484,0.28817077579114792,0.41051137400068916,0.31767779873915997,0.32800478549489037,0.73213742195449349,0.38926413589205666,0.29185093158465752,0.32574440239427288,0.37588871178165351
0.39366745840902878,0.43609432098113343,0.43126920851045131,0.26144721653376007,0.36773221432687797,0.33270707355268075,0.32486216422353231,0.33911280278626577,0.42140127143902673,0.30084738640949243,0.36091411171722493
0.31891866832544824,0.57221761310965513,0.32990708841357747,0.33627673501737271,0.27135378940053761,0.27679635775901545,0.42140127143902673,0.35666960036367507,0.42004884159298844,0.22044424800342566,0.35240342134247227
0.33048085219106127,0.58778326490408739,0.3565445890266376,0.29766822062312226,0.42381224683303509,0.37417963003623467,0.45868770314519719,0.25731081945741696,0.35813629276607123,0.37135171207236362,0.38159553310552274
0.250685928941139,0.36567938022139423,0.73213742195449361,0.22314827213510244,0.23001832808334663,0.37898856577385309,0.3724156167691185,0.30635909608472378,0.36171712988874594,0.34542028667974783,0.35665700265316652
0.33751697958185478,0.37717297904833458,0.24214657179806554,0.35093641712679807,0.34715561604809619,0.28367393631145016,0.25623210929771939,0.30295065549167344,0.42827992538916632,0.34331890707007195,0.3269384097163231
0.25828149001127709,0.2993312541064258,0.26965460757349219,0.35638176396479848,0.3562336471395377,0.49142629224674667,0.41666780911605317,0.2249433572924858,0.52244281422783101,0.41172298265997159,0.360708601833862
0.30084738640949243,0.36338423835995676,0.39227584345572469,0.2656778145082796,0.31692678347215042,0.73213742195449338,0.36168939471285266,0.44832803417617012,0.29407416890965449,0.34241071728515293,0.38177518032439278
0.35843714287315148,0.42661682869720269,0.27072078752287021,0.28008497989857123,0.30909646282328773,0.31374529274144819,0.40652516533158767,0.39272168039647926,0.73213742195449361,0.57221761310965502,0.4062303375348747
0.38799613922775134,0.37221993799067066,0.35726047539034311,0.41169538158284286,0.40619778676918872,0.60268243259619714,0.30084738640949238,0.32104715647381987,0.32823232127244517,0.31274635268965734,0.38009253704024082
0.26055222955300278,0.31039327945303341,0.44832803417617012,0.41836147809497126,0.34282194072058214,0.38992553866680085,0.28516891788653076,0.60268243259619703,0.32555743331461007,0.32145372491788443,0.37052450093797823
0.42064328651376554,0.25506885059374473,0.29307130847175977,0.30950694542750135,0.36634334577284983,0.3614750501928376,0.3602438139502776,0.35880906830144754,0.30745118827338475,0.41310434645452576,0.34457172039520945
0.39036862423450913,0.29266563692945591,0.32145372491788449,0.41310434645452582,0.73213742195449361,0.30913138104893817,0.42140127143902661,0.43042504843770119,0.28962678410132336,0.41756066620020932,0.40178749057180674
0.37029488990297538,0.40901652472264044,0.33703351296431178,0.35634222934685661,0.36457903844266293,0.35132308863707762,0.25116644881288919,0.73213742195449338,0.26712449962340234,0.30371471562356839,0.37427323700308779
0.37340472608153874,0.28465444009703655,0.39414645635917817,0.30396133646508977,0.32947777049061322,0.19991726083895178,0.30367159268034333,0.3853870385309453,0.40975884547300112,0.32205165389991597,0.33064311209166142
0.32954260938940821,0.40652516533158767,0.3908707818921659,0.4130572486261837,0.57221761310965513,0.73213742195449361,0.32688002205915168,0.35827754155643116,0.25522561218269363,0.39028970214205971,0.41750237182438299
0.26042195359395587,0.32497365969840497,0.42140127143902673,0.39101595350979279,0.60268243259619703,0.28920110507389368,0.32694700072577748,0.39326060002037772,0.38541473850669378,0.3582775415564311,0.37535962567205516
0.73213742195449349,0.41310434645452582,0.34219676133147958,0.36647311849209707,0.34202456295741046,0.2342131012373779,0.3062558339078375,0.32640226269805084,0.36571247640610482,0.30084738640949238,0.37293672718488702
0.31388964033649525,0.28313362848896251,0.40268385019351643,0.34761921655062006,0.35991579170531868,0.264078379701156,0.2505491676409794,0.25905805797913822,0.4612321971803266,0.24527142108672617,0.31874313508632396
0.32145372491788443,0.35533626931756918,0.32113022948169467,0.3816553746179191,0.33722477798156325,0.73213742195449361,0.28052969847018461,0.29600400994082793,0.38624817746422113,0.4206432865137657,0.38323629706601237
0.34014279964644117,0.32145372491788443,0.25828149001127704,0.35000184763126663,0.32416227964376365,0.35962910148369343,0.73213742195449338,0.29317113888235907,0.30214084837943317,0.34031411594116956,0.36214347684917814
0.29985002762349211,0.3361411722335273,0.22257972199373363,0.34761818163921998,0.31312754544756471,0.27727661780952306,0.34875136559453912,0.42827992538916615,0.42788861124217725,0.32352810081293204,0.3325041269785875
0.39225259006503171,0.32170287027692995,0.73213742195449338,0.39584081730141496,0.40901652472264055,0.30084738640949238,0.34875136559453912,0.32002481314130404,0.27306609351860878,0.37321363593398627,0.38668535189184411
0.2178329377993094,0.58005522755310057,0.42140127143902661,0.53245846241462369,0.30325733884649508,0.35787776509167818,0.29509911149849688,0.3489472714833855,0.37750539524699922,0.40456794770118432,0.38390027290742995
0.30084738640949238,0.60261175041182002,0.34747807242187168,0.37135171207236367,0.39730151439858835,0.32254724001951729,0.33070711144256815,0.42338124440757668,0.30007344021274129,0.33957255669196684,0.37358720284885061
0.2389075698589021,0.35118623119210601,0.39844307442318633,0.37986152555819264,0.20658071362738709,0.36526609713958036,0.48568963975115187,0.26747804657343016,0.41062465902908574,0.39225259006503177,0.34962901472180541
0.44289389695403969,0.32642560092829553,0.33047437343112501,0.35312328647080049,0.42827992538916621,0.32145372491788443,0.38673879829205082,0.29108771300452158,0.26529751356802272,0.17616465804462508,0.33219394910005318
0.58005522755310057,0.34297059958024528,0.29113241311144417,0.33056656015799329,0.39696370791091484,0.27519008579671789,0.36634334577284977,0.27403839837039651,0.35767409730623123,0.39619993529728614,0.36111343708571797
0.27939656451667616,0.20658071362738703,0.32003978936153582,0.35670428459831749,0.32533183252225262,0.42080381159183167,0.39868199179536956,0.31414514226779777,0.32829022728753021,0.29923919740915711,0.32492135549778556
0.39225259006503177,0.32145372491788443,0.49361415306726047,0.34481585537477116,0.38011397348314668,0.38029705881854492,0.32252309653352979,0.24556100367621009,0.73213742195449361,0.33053059253909367,0.39432994704299668
0.5592841520715427,0.39404638371642275,0.36249346936447202,0.42827992538916621,0.36600013049552599,0.33496697887025573,0.32885998462400068,0.23255228577749726,0.26437200769063895,0.26544321203976518,0.35362985300392874
0.36986837772493808,0.33779261948833095,0.19443239692840714,0.40210963539826672,0.37435212558085534,0.73213742195449338,0.40058066809534199,0.27718149130951913,0.40885323986920141,0.34244907095760374,0.38397570473069581
0.40039604472982815,0.60268243259619703,0.39812232146275994,0.30295717131187838,0.36556868143213672,0.37784387115575352,0.22314827213510241,0.27212919032944599,0.3399498621741433,0.35209232374738775,0.3634890171074634
0.28310699620358892,0.39608479681203668,0.39900014713518217,0.33065499073882665,0.3740002065266006,0.33021214773012619,0.34662094267321125,0.26929284674441595,0.29554006387476628,0.25902987887506002,0.32835430173138141
0.33949606860875692,0.43364384661020106,0.31355852593651579,0.41310434645452582,0.25017931443048746,0.38715808334070245,0.36634334577284983,0.34202456295741041,0.30310651310105202,0.3724156167691185,0.35210302239816205
0.35214426367506568,0.35716871626221891,0.37547322117784104,0.40090112949850865,0.28403268377044977,0.31898926846967723,0.21707370158540976,0.41854599145860777,0.3636814425910555,0.44660258907774936,0.35346130075665838
0.73213742195449361,0.32145372491788443,0.29106797536143064,0.32526173885006243,0.36227196890335117,0.41310434645452582,0.39499655640033599,0.25542706495537476,0.25385674092866478,0.34034102273720834,0.36899185614633323
0.37950689510455499,0.34551827861590806,0.38317069127053244,0.24105031031089194,0.30888789088226493,0.2437587356820034,0.39728953533146244,0.37399983836569306,0.34202456295741046,0.4227129285151226,0.34379196670358442
0.40866616689274549,0.35238095617794546,0.22170102690569776,0.73213742195449349,0.21246164448170329,0.24605744987924227,0.35922389632980889,0.27284446325514022,0.44448523560557218,0.42140127143902661,0.36713595329213755
0.40200632031525413,0.31782576747454783,0.36373448386989665,0.64248001264560095,0.31670422115169627,0.28505132985117126,0.31794179283509338,0.27564434292448275,0.40173070802660327,0.37649408264921247,0.36996130617435591
0.36209400050332913,0.27351748436637913,0.33354866536204697,0.37684076035829295,0.33053059253909362,0.34894727148338556,0.73213742195449361,0.26529751356802267,0.37954128630176903,0.34567702279676837,0.37481320192335815
0.42064328651376554,0.41523855530315873,0.30084738640949238,0.27403839837039651,0.34439168407448978,0.38215089658438089,0.41305724862618359,0.34202456295741046,0.35369653476202789,0.34564142233405709,0.35917299759353627
0.45901741397213813,0.3059356991933449,0.30976016885948809,0.38244967037820465,0.21856606693123665,0.20730756386652374,0.38283618970295269,0.31155622278323669,0.35197387407241043,0.47112164854909011,0.34005245183086263
0.36634334577284977,0.73213742195449349,0.37048071474450039,0.38011397348314668,0.35410297896091214,0.2906388128220937,0.44270646644887995,0.32145372491788443,0.33271070386899571,0.34266877839672333,0.393335692137048
0.3831037862535856,0.31471600187216692,0.36837605706290755,0.30137979688623628,0.35724770978291603,0.30517915317982719,0.26544321203976529,0.33479880107410409,0.36827031622484219,0.37303073984509066,0.33715455742214417
0.38135283983753332,0.39984737882182669,0.35173821116322851,0.42064328651376559,0.57810775276159942,0.22314827213510244,0.44941103722534492,0.31626222273927429,0.39696370791091484,0.22257972199373363,0.37400544311023237
0.36543050676990474,0.28187821282683911,0.55038715850146858,0.38466738325046218,0.37399983836569306,0.29623418667391893,0.34642380244131188,0.34894727148338545,0.32187287824993482,0.325652997153698,0.3595494235716617
0.5575731733539866,0.2754493335264141,0.41275810302307753,0.31683505091447761,0.33607056951178232,0.39414645635917817,0.30084738640949238,0.37142484654418884,0.30890556409363512,0.36231607475917732,0.36363265584954102
0.26657375154753604,0.22044424800342566,0.37632474616840544,0.38926413589205666,0.39225259006503166,0.36857722890860734,0.35926517382412138,0.33180377134750549,0.31871979604805745,0.42473703254592232,0.34479624743506698
0.29980636839973668,0.29504737815001691,0.32737334713377009,0.26756495356641424,0.41693255338702262,0.39272168039647926,0.3892361798583398,0.22853273532434612,0.20658071362738709,0.34194146199986308,0.31657373718433762
0.40854832082788334,0.64248001264560106,0.35093490220645907,0.31937286192362568,0.32416227964376365,0.34224749028188045,0.33367084301583649,0.28639848608190588,0.26702887860751046,0.36679691231398415,0.36416409875484501
0.36061744377828991,0.33998814816583794,0.41321849010641409,0.35767409730623123,0.43950049048144113,0.41439743243905652,0.26659478418986582,0.31436945251107135,0.24162253903680378,0.73213742195449338,0.3880120299969505
0.29083627060866241,0.3610694649383126,0.28205686948038583,0.2721837128058443,0.32235138206006775,0.32145372491788449,0.42827992538916615,0.50817854379124683,0.36634334577284977,0.34202456295741041,0.34947778027218307
0.38566424268231347,0.25779812680576286,0.28225153661708757,0.29824876789776045,0.36470308983063859,0.4127777288221896,0.30084738640949238,0.37649408264921247,0.30669069797998449,0.36588468210713343,0.33513603418015753
0.41053790007946755,0.39184613878042535,0.33976863824813364,0.37963309688903496,0.33940601204026649,0.4010878885266263,0.25643667219755184,0.31868663247663365,0.2200340900681787,0.37135171207236356,0.34287887813786821
0.46787958623061421,0.4224866153915447,0.31066236042539525,0.42140127143902661,0.29867074165799701,0.32145372491788443,0.27313656960029187,0.37369994299122672,0.29805990182525333,0.42827992538916615,0.36157306398684003
0.26345403391433925,0.44085993408801327,0.27403839837039656,0.43587618274543116,0.31979046334450673,0.30887395324738043,0.30480790386529849,0.42381224683303509,0.34364073515621796,0.29838612897250971,0.34135399805371286
0.28553553367652712,0.28524148785892356,0.38907409019948341,0.48914039144217425,0.2224729944235416,0.39075464810256549,0.34266877839672333,0.31880671589448351,0.25506885059374479,0.4178228557674557,0.33965863463556228
0.30087084965998773,0.27862050154635626,0.39979216886639779,0.37260235698523997,0.31298482822060614,0.26836429971016906,0.35341692896184157,0.31946271470166021,0.25937010891698958,0.43913976059844118,0.33046245181676898
0.32145372491788449,0.49938870547745229,0.2948883626556818,0.30909562806090152,0.42827992538916632,0.73213742195449361,0.33628254469473495,0.42140127143902673,0.27063894014680873,0.34894727148338556,0.39625137962195361
0.32695528401795537,0.6961937295264653,0.29764930639606146,0.31763014012208185,0.32351859800692229,0.30396133646508977,0.36146591230739722,0.4586877031451973,0.31289931745301497,0.40652516533158778,0.38054864927717735
0.33053059253909362,0.39263919870942077,0.29867074165799706,0.26833662889651677,0.35074540563637868,0.27519597175352256,0.31449435615040089,0.28226049523138685,0.38926413589205666,0.46787958623061421,0.33700171126973882
0.38474775788140453,0.40178797711497305,0.34276532210081523,0.25521028054026029,0.36457903844266304,0.73213742195449361,0.24668331366765273,0.38000370825457164,0.35191951549265144,0.36634334577284983,0.38261776812223353
0.35947586515685009,0.29196083405989032,0.39061755640123941,0.46712316975677287,0.35434923979718591,0.36634334577284983,0.34983159988373141,0.38593275719962289,0.2178329377993094,0.36743694897441548,0.35509042548018677
0.34866995147413588,0.38926413589205666,0.35159492671803472,0.38986451705959485,0.25623210929771939,0.24132580253649497,0.29622523130695577,0.37188051594333305,0.44119753446664634,0.47972642548101729,0.35659811501759892
0.29266563692945591,0.37703230623008832,0.32145372491788443,0.38597891755370456,0.50023797447423712,0.33397642359309404,0.31677369279275858,0.31384285148897939,0.42140127143902673,0.73213742195449361,0.39955002213737228
0.26176018728342237,0.42080381159183161,0.2225797219937336,0.3636975335184921,0.3913660056454456,0.29285699288988443,0.39225259006503166,0.24998721500617199,0.37826693304647985,0.32092824382865731,0.3294499234869151
0.3897494035677494,0.3745142321316276,0.37345298840642649,0.73213742195449361,0.34690069324584055,0.39791398035886871,0.32145372491788443,0.36311076407353438,0.39789444770006793,0.40606810927788395,0.41031957656343776
0.28481154905215039,0.35561966283051061,0.31639847489148815,0.73213742195449361,0.30084738640949238,0.28204104889259723,0.45005419717099676,0.31875237127642142,0.32489738913015015,0.39225259006503171,0.37578120916733326
0.33086034927913666,0.39061755640123941,0.35341632261958911,0.6961937295264653,0.36634334577284977,0.38586021031696094,0.43609432098113343,0.30001371171175639,0.37367345927264151,0.34502088761634336,0.39780938934981164
0.3817679143331415,0.4040338002143698,0.37114564768950692,0.27737605637264418,0.25769955756870544,0.30084738640949238,0.46712316975677276,0.73213742195449361,0.28989416886574215,0.35767409730623129,0.38396992204711
0.36634334577284983,0.26593612579563203,0.73213742195449361,0.2789317748611978,0.39914129179897273,0.39543202219130313,0.39247340098183325,0.26315207637683247,0.34282527754199049,0.23514649866929402,0.36715192359443993
0.38926413589205666,0.3454768167098699,0.28608833540541562,0.55286807631084223,0.64248001264560106,0.30957414024751323,0.39816843826965315,0.39225259006503171,0.38385050644330632,0.23880344601120768,0.39388264980004972
0.3505008781901372,0.43579910647566261,0.42881543064693811,0.24667249132554123,0.73213742195449361,0.29442009253106299,0.42140127143902661,0.40901652472264044,0.32737334713377009,0.32145372491788443,0.39675902893371578
0.24490219719717515,0.35430629110022549,0.73213742195449361,0.42362141978942613,0.34051648625675257,0.35137909007755352,0.30484333622900628,0.3464566335545653,0.30116301612765928,0.32823540839822113,0.37275613006850783
0.24031763703488687,0.32011261297698768,0.289957152057357,0.4218283635474761,0.41310434645452582,0.25435066768679293,0.30605279396971963,0.35223030558968838,0.34202456295741041,0.39299948090883763,0.33329779231836826
0.29427112857477739,0.73213742195449361,0.32145372491788443,0.37018154040753742,0.38385050644330632,0.39844307442318633,0.42359014217902591,0.33896018402362948,0.41701806454507045,0.29760940978227318,0.39775151972511841
0.41680558596620615,0.26820173986709128,0.23303251625800203,0.35465688627489345,0.73213742195449361,0.38963863515041264,0.31883398420972847,0.26104232042428044,0.35000184763126657,0.40901652472264044,0.37333674624590152
0.28608833540541556,0.32145372491788449,0.40901652472264044,0.38655557527330531,0.49424544193807279,0.27403839837039656,0.30205800559660878,0.35116842241321455,0.25502810374798879,0.32338934079866544,0.34030418731841927
0.31222814631369045,0.26467604995043181,0.29107767411791025,0.39225594871040959,0.322527183246057,0.1567077379342825,0.40902200035869135,0.35634515797870703,0.30944412219078993,0.73213822464616851,0.35464222454471378
0.34832896157712667,0.36175100501752749,0.32342445662071417,0.19339785866712655,0.35716871626221891,0.2799273134311554,0.33160067197300785,0.35881640219220423,0.26047722671214329,0.43273861166297606,0.32476312241162003
0.35382489208843038,0.43567927048678606,0.30204715080668765,0.30961133210786013,0.34328090068357964,0.30084738640949243,0.42679656401098376,0.3573568554249783,0.43729289312187702,0.6961937295264653,0.39629309746671409
0.41310434645452576,0.39202059898470942,0.73213742195449349,0.47972642548101724,0.21856606693123667,0.37270352368401966,0.31627473792551264,0.36634334577284983,0.30785435430000452,0.28263460777473404,0.38813654292631028
0.36043038299898739,0.38011397348314674,0.32853363550979725,0.27564434292448275,0.19982947291237835,0.33634719380955952,0.54143104306830359,0.37649408264921241,0.39635567858102122,0.36634334577284977,0.3561523151709739
0.26885635615211734,0.24339163163166239,0.36787420059602843,0.39065682331774265,0.29317113888235896,0.33093283607674212,0.33621649803659437,0.40652516533158767,0.39873793551134595,0.28397319364554741,0.33203357791817273
0.34309084952281876,0.24205329972612635,0.37740296327779299,0.34563566863319894,0.73213742195449361,0.36128428147449515,0.29278919970193218,0.30458703331949677,0.41693255338702251,0.26570276029804768,0.36816160312954249
0.36038344881935919,0.39407920399051977,0.29027180924830098,0.33475458423821114,0.25154772257969493,0.42140127143902661,0.35581116174368532,0.21852434444486463,0.34767014854084588,0.35295131177260214,0.33273950068171104
0.73213742195449361,0.33913825109969775,0.42140127143902661,0.36828479653125917,0.33330755547561947,0.30084738640949238,0.2986690709966015,0.35938696095223566,0.39252317120530017,0.34202456295741041,0.3887720449021137
0.48747343342032667,0.40058066809534199,0.17397255785042517,0.48863721264041027,0.37759136987689118,0.28767708546576465,0.3163217422093087,0.36970500722252891,0.35469170146413953,0.41667771540433274,0.36733284936494692
0.2558684093199079,0.36044701005769558,0.30288387901831271,0.38265423472900445,0.33530574420398962,0.37677344873429525,0.41024615513359547,0.24650621389218599,0.60268243259619703,0.2684121959755682,0.35417797236607523
0.42827992538916615,0.33829591523580138,0.31133494631260988,0.35917696811595634,0.23503367747644083,0.26553906397737581,0.38169145378621999,0.34103844016339535,0.37402074489190434,0.19887556383926738,0.32332866991881376
0.4130068916811761,0.2705406086078711,0.42827992538916632,0.20571890118227038,0.37402074489190423,0.23485379136563839,0.73213742195449338,0.24562289527459075,0.34640220046513115,0.34371821141566383,0.35943015922279054
0.23313364237255024,0.71824007885475072,0.35551857975018003,0.36822197426782521,0.22257972199373363,0.29010324575360941,0.34690024538832487,0.32737334713376998,0.36593425070072017,0.33013102252328153,0.35581361087387464
0.73213742195449349,0.42827992538916615,0.397395656342585,0.31684184406362614,0.27637903825172794,0.25409785945954261,0.34715561604809603,0.37514330990739142,0.36634334577284977,0.37364908921420759,0.38674231064036857
0.32145372491788449,0.29167572250901652,0.31843171579396878,0.22468584455243454,0.27037270993377255,0.35418956134076901,0.33457487289740434,0.37959141702788629,0.42221527895550154,0.39873793551134595,0.33159287834399837
0.19833721181464189,0.20128024372022843,0.41879999724883976,0.35469343163268424,0.37730126846632284,0.29042770315089117,0.40955997747262318,0.41439743243905652,0.34202456295741052,0.37586990663822856,0.33826917355409269
0.26784349980394978,0.39328063620807785,0.32145372491788449,0.27448721626982475,0.35053832968633641,0.33342851302831134,0.32524576973648872,0.4120483905045228,0.36634334577284977,0.28003274602079187,0.33247021719490383
0.24490219719717521,0.35964347463304325,0.37295440939874414,0.50115226534968382,0.37950689510455504,0.26251608393572895,0.3744566294291336,0.29904000650816093,0.34832896157712673,0.40896180701991841,0.35514627301532709
0.24546271851127183,0.24701232490399691,0.43923058252397051,0.41161937405517335,0.38141086959891796,0.37505266816485633,0.3920865575316545,0.26000593242349451,0.42697254233462506,0.4586877031451973,0.36375412731931578
0.46123219718032671,0.38901121106969233,0.26250324549834902,0.38334788587632618,0.41051137400068904,0.73213742195449361,0.25644382411600847,0.24121526074371494,0.26546678267167356,0.47972642548101724,0.38815956285922909
0.39873793551134595,0.2178329377993094,0.39225259006503166,0.30286200947467179,0.40901652472264044,0.31588954543569658,0.41491740210967121,0.35367127198194925,0.28512620795268206,0.26307099165715908,0.33533774167101577
0.38441549149008813,0.30475292997796943,0.32059889969798994,0.22003409006817867,0.38926413589205666,0.36322399799409844,0.42140127143902673,0.24162253903680381,0.34321116808438351,0.39169522169006959,0.33802197453706651
0.42381224683303503,0.3122948977209114,0.35498381520645966,0.24740812356332809,0.33957255669196679,0.29566898710739037,0.29402197894627141,0.73213742195449361,0.3507785894417127,0.38658835750948339,0.37372669749750526
0.43195758554086011,0.29694580906167534,0.73213742195449338,0.23824551291358587,0.38541473850669383,0.4378617281989049,0.37402074489190429,0.29605674606789711,0.42064328651376559,0.24275084250882739,0.3856034416158608
0.2217712155149279,0.35906196613822738,0.39804867927653775,0.73213742195449349,0.24546271851127183,0.33036243625094597,0.41313368715160592,0.3425489672267949,0.35213189872973322,0.35012903336116835,0.37447880241157072
0.2695623601937075,0.32145372491788449,0.2935403102105717,0.33696931550245424,0.32221450701883386,0.4669801120400271,0.38651686674358676,0.34965431050640944,0.26022755163359967,0.34366031585830636,0.33507793746253817
0.28719691279310844,0.41039323771062197,0.2758282498400263,0.2943315461766266,0.37685382746060714,0.42658003966790237,0.34875136559453912,0.37276325330700999,0.3856930003607284,0.2795332101556513,0.3457924643066822
0.40374915748820611,0.39396310454139261,0.35296158760975405,0.24703505019871996,0.46123219718032671,0.21991561239928203,0.36365971634866584,0.30652355653663149,0.30350431643059117,0.46712316975677276,0.35196674684903428
0.37135171207236362,0.73213742195449361,0.3250163220444714,0.29566898710739026,0.41275810302307753,0.33985105399107235,0.37613593045542981,0.32885369757108196,0.34964509081277045,0.46588585393996429,0.39973041729721154
0.25827179795336469,0.27194155659575669,0.35583881353988051,0.39272168039647931,0.39929573008457231,0.40058066809534199,0.36754542636545567,0.46712316975677276,0.28062769029565204,0.32145372491788443,0.35154002580011606
0.26376776673540181,0.34429266165943873,0.38414073566539952,0.17616465804462514,0.45764072198490019,0.2909518123378344,0.26979014475321372,0.37447040160543715,0.34458317907078112,0.29559296723975576,0.32013950490967874
0.40652516533158767,0.32471941070192933,0.35761825726419383,0.32145372491788443,0.36469695883858833,0.28791879470659298,0.39303372423902694,0.35794284672601551,0.3044801622293819,0.73213742195449361,0.38505264669096945
0.28486943746321669,0.3610694649383126,0.3515263976157198,0.25380252201626463,0.42008902077934673,0.41310434645452582,0.73213742195449349,0.36634334577284983,0.32145372491788449,0.38705658736185272,0.38914522692744663
0.29493327865525382,0.35807826057577297,0.37319209491831978,0.39247340098183309,0.33399375077892735,0.26710229573143696,0.29083627060866241,0.35441094574518106,0.17495568638882977,0.38011397348314674,0.32200899578673636
0.38897629943249062,0.34740496741587701,0.29509911149849688,0.73213742195449338,0.43140114836955601,0.38194905584689465,0.25473428568107481,0.39697187049121402,0.42140127143902673,0.32279150620958574,0.397286693833871
0.47189643625765482,0.73213742195449338,0.35315798290865941,0.41161937405517329,0.31081412662535912,0.39107114356772993,0.3360977621294155,0.44832803417617012,0.2873479442697876,0.30396133646508977,0.40464315624095332
0.27632445230765162,0.38049097698092788,0.37081264148692344,0.27521856219477903,0.40228108680364316,0.28267033500126804,0.29566898710739031,0.27173518417633552,0.31997836457278872,0.32460785641857842,0.31997884470502858
0.289831881430611,0.26274189566565764,0.35529223672824911,0.42140127143902661,0.30629331346471728,0.39737969441002968,0.47972642548101724,0.27080093448535741,0.54248152138385797,0.38541473850669383,0.37113639129952181
0.41729748110144327,0.73213742195449349,0.33621143777584461,0.30377084655258979,0.28325749794188104,0.49142629224674661,0.30703126810365161,0.29266563692945591,0.35792926219545063,0.29441117431892533,0.38161383191204823
0.22371876533006016,0.35965942218191466,0.34202456295741046,0.44832803417617012,0.3531299025240448,0.2802437460845088,0.39299948090883752,0.34416372072937285,0.38582313865563067,0.31534508611449946,0.34454358596624496
0.38135610977932927,0.37762932663622684,0.34729136696800988,0.36634334577284977,0.73213742195449338,0.35695186616919949,0.32145372491788443,0.28056735607055633,0.324850973985289,0.35413412758908075,0.38427156198429191
0.3811476496234511,0.40970008195895413,0.27490782126780816,0.37960729230686174,0.29108635372288394,0.32621756349288472,0.31245667232493302,0.22314827213510244,0.38541473850669383,0.33872289836006092,0.33224093436996338
0.31255508772841606,0.43133851299253134,0.73213742195449361,0.38767913748649763,0.26928970708185657,0.25136523094988517,0.26527491435902351,0.29019414285811379,0.35538166550083383,0.40789359181125562,0.37031094127229075
0.33315836069804583,0.31600136791970079,0.73213742195449361,0.38040900656757959,0.28889107701396688,0.40879984923366097,0.26976437960240252,0.27493606883401528,0.27702106666856641,0.37610257892306331,0.3657221177415495
0.24884555684032708,0.26529201872621622,0.4221615579333487,0.34202456295741046,0.73213742195449361,0.40901652472264055,0.35783170643193263,0.27285797793974981,0.30084738640949243,0.35195954366695514,0.37029742575825669
0.36815004242335364,0.37660506897680102,0.32181565661517519,0.33957255669196679,0.66291276051058723,0.44796906262545005,0.25972095715109544,0.41310434645452582,0.33717014384516097,0.25435066768679288,0.37813712629809093
0.27228975682160972,0.27815688844216047,0.3250939699978127,0.67949798315309151,0.42186387342372289,0.26768962157303072,0.73213742195449349,0.39635567858102111,0.25961284388276457,0.42064328651376559,0.40533413243434724
0.73213742195449361,0.30619794806901135,0.33330755547561947,0.37179581094933828,0.28700501823658142,0.28459410743697977,0.36943688824284837,0.40738633090355547,0.32183585331836673,0.35079643515110143,0.37644933697378957
0.38760943252311225,0.40591078524307067,0.28602457609209997,0.30196738621352703,0.54693342870942085,0.26605100305557217,0.33988203546041146,0.25728697533741152,0.73213742195449361,0.38758160793462493,0.39113846525237439
0.20951338987449045,0.30084738640949238,0.73213742195449361,0.38877424933541216,0.33907752732124374,0.36151608046650585,0.29944554225860742,0.4486553723698628,0.39822207586484326,0.34171651474269804,0.38199055605976501
0.43320212540726921,0.31122890327300007,0.73213742195449361,0.31322929615776823,0.38947954190459305,0.30084738640949238,0.29911842587945847,0.76012860990740783,0.37649408264921247,0.2754493335264141,0.41913151270691096
0.3733482636306748,0.40901652472264044,0.42484699807944198,0.73213742195449361,0.32180068602377465,0.24467479108562476,0.34202456295741041,0.25889029569201505,0.36693821324579728,0.33911280278626588,0.38127905601781392
0.41178490092599934,0.73213742195449361,0.42064328651376559,0.31831248582896515,0.32145372491788443,0.27725790759891195,0.40334210992808528,0.36590192568664875,0.2816663832893519,0.39600624582611066,0.39285063924702157
0.42140127143902673,0.36526669043681098,0.3607647401841832,0.30396133646508983,0.31635589658149293,0.38452054822056286,0.73213742195449338,0.37060808350117119,0.32844635218397189,0.31002629617567062,0.38934886371424737
0.26177207009143777,0.31689681816668958,0.40901652472264044,0.32145372491788449,0.34950799105617014,0.2932084418502986,0.28336995609380922,0.2505491676409794,0.41051137400068916,0.40314185538293046,0.32994279239235291
0.30084738640949243,0.39225259006503166,0.37299960927156167,0.3786265995691333,0.69619372952646541,0.29292984823112944,0.42827992538916615,0.2643720076906389,0.43009074037473149,0.35016527922126511,0.39067577157486155
0.3795068951045551,0.40652516533158767,0.30084738640949238,0.28458627939580716,0.26238197399874041,0.73213742195449338,0.42064328651376559,0.3257484944370202,0.32381186492213027,0.30611624572406637,0.37423050137916586
0.32656221056471241,0.33673518028278926,0.29271280129379107,0.25960079583008511,0.60136252228215126,0.30338111132569934,0.3495243365736263,0.38939257171230074,0.42140127143902673,0.65857715037841036,0.39392499516825924
0.40730265647453079,0.33395022299544463,0.34597712172561668,0.36900201035834318,0.37135171207236362,0.37216248631859994,0.20658071362738709,0.1928843126343357,0.37469214814133789,0.41275810302307753,0.33866614873710366
0.46712316975677276,0.59871470266218174,0.39087078189216584,0.36506604720210245,0.35428077494873955,0.24495416290403177,0.36697991727632312,0.41334598731165634,0.38688354162398958,0.33515856456321369,0.39233776501411771
0.26406173935202981,0.33574879818258785,0.31194096316963454,0.2959263856295376,0.42827992538916632,0.42140127143902661,0.30396133646508988,0.42242712164294777,0.41595658978619443,0.39729286657699858,0.35969969976332133
0.35783670655028138,0.34486256907565926,0.31412808561975319,0.25409996559887982,0.30627976951249658,0.29314649943169946,0.34599078641007619,0.41505240280350703,0.34875136559453923,0.33330755547561952,0.33134557060725117
0.42827992538916632,0.37417387208204766,0.3870348742935249,0.26787800976687431,0.31761725709633076,0.35031887328097439,0.39225259006503171,0.33965685064452172,0.26842507301424678,0.46787958623061421,0.35935169118633331
0.44832803417617023,0.39481076175437718,0.38011397348314674,0.39875095085043588,0.3089664429416768,0.26751250221453138,0.30396133646508983,0.73213742195449338,0.34363177856433008,0.37114321675490869,0.39493564191591601
0.30532335788899256,0.42064328651376559,0.46712316975677276,0.73213742195449361,0.30084738640949238,0.28819317159752639,0.41310434645452582,0.31819072435982537,0.35301294339843498,0.37837329031877937,0.39769490986526096
0.54076509599597378,0.40652516533158767,0.26605100305557217,0.32351859800692229,0.29865039306546531,0.41173487607873727,0.27862483059919435,0.31763460548506273,0.35302277141152288,0.38148445759918881,0.35780117966292269
0.27092776027716375,0.28029569763357465,0.37649408264921241,0.42080381159183161,0.30614803528902301,0.30973863628487708,0.32145372491788443,0.73213742195449338,0.22692392013707746,0.79472081852144516,0.40396439092565828
0.35341956282720033,0.36669362857431048,0.73213742195449361,0.37292460587918785,0.28997778885064773,0.29155297383600914,0.30084738640949238,0.23361773446715745,0.36694316081572526,0.36658709636733572,0.36747013599815598
0.42064328651376559,0.31210083489736318,0.37291493996849867,0.37135171207236362,0.23880344601120768,0.47894004996308637,0.26807492341129879,0.40587165385483315,0.42457959100629594,0.35809513355339284,0.36513755712521057
0.37874322969410701,0.36521098276967218,0.264078379701156,0.26846359617331383,0.37501493472666575,0.41051137400068916,0.37918395868401045,0.3491617106844353,0.36525614336901385,0.38876682179427285,0.35443911315973364
0.37997218327580295,0.30293720743017688,0.40420702544187159,0.34281082789429573,0.65630833565931379,0.26822798290889965,0.40896180701991847,0.31672003687634009,0.36704817873442036,0.29958628108543894,0.37467798663264784
0.39615669050536167,0.27556709377042182,0.24612790454525721,0.30426907921658169,0.36257334221439891,0.28883793226724452,0.29689320719674606,0.35151568632048108,0.42379103144454894,0.21680282540179988,0.31625347928828412
0.25518948524925072,0.32792827531935248,0.38388827702077072,0.30913138104893817,0.23666713719139887,0.37510321935330143,0.36203884382150536,0.49514109493841296,0.29284149526082565,0.40785451562639408,0.34457837248301504
0.31448779559371692,0.34227740226277648,0.37489470091408472,0.38939426911986563,0.32558489060052914,0.31767961948407658,0.42140127143902673,0.3355000099874334,0.42555786248797595,0.73213742195449361,0.39789152438439795
0.39191440328228422,0.73213742195449338,0.33330755547561947,0.32253180128178499,0.30084738640949243,0.35439948285921918,0.26712449962340234,0.36721020632387924,0.40901652472264044,0.28043346987195161,0.37589227518047669
0.36111357954438839,0.3638937123147275,0.30084738640949238,0.42197287314571919,0.28041892580012479,0.28754578855572083,0.40352428343550706,0.36312976011890652,0.5220102606496636,0.28378962265905122,0.35882461926333009
0.37915135999764366,0.46787958623061432,0.23502592460696409,0.31669122680158279,0.42628982425292294,0.43397362837497749,0.34373286705076495,0.73213742195449338,0.31388964033649536,0.35498381520645961,0.4003755294812919
0.33818116539344428,0.44832803417617023,0.19611677938206845,0.28191242877225731,0.37843725341895468,0.28838120271616935,0.30262940395156024,0.38942154649765082,0.284277973181979,0.35305525395688664,0.32607410414471405
0.31588954543569658,0.33875899705899226,0.32145372491788449,0.27622407297908103,0.40901652472264044,0.34881572564325342,0.39225259006503166,0.73213742195449349,0.32997365393486089,0.317790826254853,0.37823130829667873
0.2418912105390946,0.31317366235536626,0.26593612579563203,0.38283618970295252,0.45729277770281651,0.20658071362738703,0.38974940356774945,0.28563249580049299,0.2933816528646967,0.41210817899858226,0.32485824109547701
0.33193941236103813,0.37135171207236373,0.42827992538916615,0.28928824977073453,0.73213742195449361,0.31436945251107129,0.3361411722335273,0.35782763199313933,0.31731945041057324,0.2918932370575536,0.37705476657536607
0.34206609103129487,0.30037704107942337,0.33400438884224204,0.57229770995961959,0.31534508611449946,0.4153260845558277,0.39414645635917811,0.6563083356593139,0.25652096689983173,0.30526486058598573,0.3891657021087217
0.25552814015717673,0.37181457206015817,0.30888789088226498,0.65417262444028468,0.32192528936719933,0.43484319020196749,0.27797007418009084,0.38962913660641807,0.41425097981330294,0.3774240220903477,0.38064459197992112
0.3019994780182359,0.30084738640949238,0.3487917781142274,0.33871354789672947,0.34154228116947238,0.32734232316196077,0.36111357954438861,0.44832803417617006,0.31472670831385197,0.31847778866490978,0.34018829054694388
0.2530996265203091,0.73213742195449361,0.29339335371744024,0.31622147448850368,0.25496663930049696,0.36632084942572019,0.32333425898395796,0.40901652472264044,0.27426045986327041,0.32707325784505686,0.35498238668218896
0.37649408264921236,0.29189133802808004,0.42321489695692105,0.2733707648597733,0.42855692824160496,0.31110303890261071,0.37329379853930467,0.27669420418013735,0.33178262051214003,0.28674765977199623,0.33731493326417805
0.25589703438232914,0.36664825556366465,0.37329379853930467,0.39189579543107511,0.41275810302307753,0.29139470956850955,0.30936482053336817,0.37051157527065309,0.27236192282925509,0.22257972199373369,0.32667057371349706
0.29804695118564317,0.24898192482529913,0.34561907936380976,0.42826903277129957,0.26881746164843334,0.29932233341892106,0.7321358165512406,0.34350530726597084,0.3381336876869373,0.48559166857284664,0.37884232632904014
0.23062231538343408,0.37545396750925686,0.39207328271143993,0.32145372491788443,0.37005453789257359,0.39873793551134584,0.73213742195449338,0.34034102273720834,0.42064328651376559,0.28092171934841037,0.38624392144798125
0.30654810219938411,0.38537938589973397,0.41727737846698415,0.3105389480329353,0.39683054531709644,0.19672602891155852,0.37556142420596939,0.31860372467180959,0.20658071362738709,0.34733933997434219,0.3261385591307201
0.40764369102302422,0.28854572127631767,0.24533200190506016,0.73213742195449349,0.3927216803964792,0.25152925245333996,0.40228399613608723,0.34391844527854654,0.32932506607519246,0.43897967635959867,0.38324169528581398
0.32145372491788443,0.27519376463193335,0.36980073420331105,0.34957159974297503,0.33526818730708952,0.73213742195449338,0.32616710809246152,0.38627048162483202,0.24172483475663703,0.39619377591688087,0.37337816331484985
0.33621910981197933,0.41970137694536191,0.29939357980512243,0.73213742195449338,0.42938051482463369,0.35265771122108236,0.38071520888300137,0.32145372491788438,0.24066016430966486,0.32351859800692229,0.38358374106801457
0.58655458935089011,0.22075387153356069,0.23694355901826195,0.41342354630114125,0.25119178573878326,0.35780119487920514,0.25928517525995864,0.28361770310800566,0.31343301041864385,0.32145372491788449,0.32444581605263351
0.40901652472264044,0.37701878615775869,0.6961937295264653,0.36309128082463848,0.42140127143902673,0.41089164444104964,0.31035900098607799,0.3803336533476912,0.35434650967355857,0.26357202007480329,0.39862244211937103
0.21680282540179988,0.3940463837164227,0.25950306369499215,0.41968835846147334,0.35493589928376817,0.30396133646508988,0.36168939471285266,0.41053623248867616,0.39761123987918301,0.31081412662535918,0.34295888607296171
0.26376776673540181,0.43666278020444815,0.36176131653938504,0.36055074922161606,0.40238473816833575,0.35673280526635376,0.37856094000594503,0.36343279380756927,0.34446245514581769,0.41428019701927432,0.36825965421141471
0.32090486412449726,0.36874242636533594,0.20128024372022849,0.32844801598058099,0.48747343342032667,0.40652516533158767,0.31660764144189668,0.38148445759918886,0.36978450960827758,0.25492172527525631,0.34361724828671764
0.27087008437412635,0.41051137400068916,0.34493565830410539,0.64248001264560106,0.28889107701396688,0.36068928933904754,0.27144147864510054,0.29182806091855956,0.36634334577284983,0.41310434645452576,0.36610947274685718
0.35046260335902585,0.27942232645553416,0.39812703976424985,0.39061089060370191,0.36931390402713904,0.37135171207236362,0.262967163819119,0.37699063148441464,0.41608655788281801,0.3945627545421751,0.36098955840105412
0.37011309163344042,0.26161369840289894,0.34460065254938155,0.35874938358759462,0.29607413613526634,0.2471441138604821,0.40272610655385216,0.17616465804462514,0.29665913810300021,0.36808933388237064,0.3121934312752912
